INIS,COMPANY,SYMBOL,PRICE
INE466L01038,360 ONE WAM Ltd.,360ONE,"=GOOGLEFINANCE(""nse:360ONE"",""PRICE"")"
INE470A01017,3M India Ltd.,3MINDIA,"=GOOGLEFINANCE(""nse:3MINDIA"",""PRICE"")"
INE769A01020,Aarti Industries Ltd.,AARTIIND,"=GOOGLEFINANCE(""nse:AARTIIND"",""PRICE"")"
INE216P01012,Aavas Financiers Ltd.,AAVAS,"=GOOGLEFINANCE(""nse:AAVAS"",""PRICE"")"
INE117A01022,ABB India Ltd.,ABB,"=GOOGLEFINANCE(""nse:ABB"",""PRICE"")"
INE358A01014,Abbott India Ltd.,ABBOTINDIA,"=GOOGLEFINANCE(""nse:ABBOTINDIA"",""PRICE"")"
INE674K01013,Aditya Birla Capital Ltd.,ABCAPITAL,"=GOOGLEFINANCE(""nse:ABCAPITAL"",""PRICE"")"
INE647O01011,Aditya Birla Fashion and Retail Ltd.,ABFRL,"=GOOGLEFINANCE(""nse:ABFRL"",""PRICE"")"
INE012A01025,ACC Ltd.,ACC,"=GOOGLEFINANCE(""nse:ACC"",""PRICE"")"
INE731H01025,Action Construction Equipment Ltd.,ACE,"=GOOGLEFINANCE(""nse:ACE"",""PRICE"")"
INE128X01021,Archean Chemical Industries Ltd.,ACI,"=GOOGLEFINANCE(""nse:ACI"",""PRICE"")"
INE931S01010,Adani Energy Solutions Ltd.,ADANIENSOL,"=GOOGLEFINANCE(""nse:ADANIENSOL"",""PRICE"")"
INE423A01024,Adani Enterprises Ltd.,ADANIENT,"=GOOGLEFINANCE(""nse:ADANIENT"",""PRICE"")"
INE364U01010,Adani Green Energy Ltd.,ADANIGREEN,"=GOOGLEFINANCE(""nse:ADANIGREEN"",""PRICE"")"
INE742F01042,Adani Ports and Special Economic Zone Ltd.,ADANIPORTS,"=GOOGLEFINANCE(""nse:ADANIPORTS"",""PRICE"")"
INE814H01011,Adani Power Ltd.,ADANIPOWER,"=GOOGLEFINANCE(""nse:ADANIPOWER"",""PRICE"")"
INE208C01025,Aegis Logistics Ltd.,AEGISCHEM,"=GOOGLEFINANCE(""nse:AEGISCHEM"",""PRICE"")"
INE0BWX01014,Aether Industries Ltd.,AETHER,"=GOOGLEFINANCE(""nse:AETHER"",""PRICE"")"
INE00WC01027,Affle (India) Ltd.,AFFLE,"=GOOGLEFINANCE(""nse:AFFLE"",""PRICE"")"
INE212H01026,AIA Engineering Ltd.,AIAENG,"=GOOGLEFINANCE(""nse:AIAENG"",""PRICE"")"
INE031B01049,Ajanta Pharmaceuticals Ltd.,AJANTPHARM,"=GOOGLEFINANCE(""nse:AJANTPHARM"",""PRICE"")"
INE540L01014,Alkem Laboratories Ltd.,ALKEM,"=GOOGLEFINANCE(""nse:ALKEM"",""PRICE"")"
INE150B01039,Alkyl Amines Chemicals Ltd.,ALKYLAMINE,"=GOOGLEFINANCE(""nse:ALKYLAMINE"",""PRICE"")"
INE418H01029,Allcargo Logistics Ltd.,ALLCARGO,"=GOOGLEFINANCE(""nse:ALLCARGO"",""PRICE"")"
INE270A01029,Alok Industries Ltd.,ALOKINDS,"=GOOGLEFINANCE(""nse:ALOKINDS"",""PRICE"")"
INE371P01015,Amber Enterprises India Ltd.,AMBER,"=GOOGLEFINANCE(""nse:AMBER"",""PRICE"")"
INE079A01024,Ambuja Cements Ltd.,AMBUJACEM,"=GOOGLEFINANCE(""nse:AMBUJACEM"",""PRICE"")"
INE463V01026,Anand Rathi Wealth Ltd.,ANANDRATHI,"=GOOGLEFINANCE(""nse:ANANDRATHI"",""PRICE"")"
INE732I01013,Angel One Ltd.,ANGELONE,"=GOOGLEFINANCE(""nse:ANGELONE"",""PRICE"")"
INE930P01018,Anupam Rasayan India Ltd.,ANURAS,"=GOOGLEFINANCE(""nse:ANURAS"",""PRICE"")"
INE372A01015,Apar Industries Ltd.,APARINDS,"=GOOGLEFINANCE(""nse:APARINDS"",""PRICE"")"
INE702C01027,APL Apollo Tubes Ltd.,APLAPOLLO,"=GOOGLEFINANCE(""nse:APLAPOLLO"",""PRICE"")"
INE901L01018,Alembic Pharmaceuticals Ltd.,APLLTD,"=GOOGLEFINANCE(""nse:APLLTD"",""PRICE"")"
INE437A01024,Apollo Hospitals Enterprise Ltd.,APOLLOHOSP,"=GOOGLEFINANCE(""nse:APOLLOHOSP"",""PRICE"")"
INE438A01022,Apollo Tyres Ltd.,APOLLOTYRE,"=GOOGLEFINANCE(""nse:APOLLOTYRE"",""PRICE"")"
INE852O01025,Aptus Value Housing Finance India Ltd.,APTUS,"=GOOGLEFINANCE(""nse:APTUS"",""PRICE"")"
INE885A01032,Amara Raja Energy & Mobility Ltd.,ARE&M,"=GOOGLEFINANCE(""nse:ARE&M"",""PRICE"")"
INE439A01020,Asahi India Glass Ltd.,ASAHIINDIA,"=GOOGLEFINANCE(""nse:ASAHIINDIA"",""PRICE"")"
INE208A01029,Ashok Leyland Ltd.,ASHOKLEY,"=GOOGLEFINANCE(""nse:ASHOKLEY"",""PRICE"")"
INE021A01026,Asian Paints Ltd.,ASIANPAINT,"=GOOGLEFINANCE(""nse:ASIANPAINT"",""PRICE"")"
INE914M01019,Aster DM Healthcare Ltd.,ASTERDM,"=GOOGLEFINANCE(""nse:ASTERDM"",""PRICE"")"
INE006I01046,Astral Ltd.,ASTRAL,"=GOOGLEFINANCE(""nse:ASTRAL"",""PRICE"")"
INE203A01020,AstraZenca Pharma India Ltd.,ASTRAZEN,"=GOOGLEFINANCE(""nse:ASTRAZEN"",""PRICE"")"
INE399L01023,Adani Total Gas Ltd.,ATGL,"=GOOGLEFINANCE(""nse:ATGL"",""PRICE"")"
INE100A01010,Atul Ltd.,ATUL,"=GOOGLEFINANCE(""nse:ATUL"",""PRICE"")"
INE949L01017,AU Small Finance Bank Ltd.,AUBANK,"=GOOGLEFINANCE(""nse:AUBANK"",""PRICE"")"
INE406A01037,Aurobindo Pharma Ltd.,AUROPHARMA,"=GOOGLEFINANCE(""nse:AUROPHARMA"",""PRICE"")"
INE871C01038,Avanti Feeds Ltd.,AVANTIFEED,"=GOOGLEFINANCE(""nse:AVANTIFEED"",""PRICE"")"
INE699H01024,Adani Wilmar Ltd.,AWL,"=GOOGLEFINANCE(""nse:AWL"",""PRICE"")"
INE238A01034,Axis Bank Ltd.,AXISBANK,"=GOOGLEFINANCE(""nse:AXISBANK"",""PRICE"")"
INE917I01010,Bajaj Auto Ltd.,BAJAJ-AUTO,"=GOOGLEFINANCE(""nse:BAJAJ-AUTO"",""PRICE"")"
INE918I01026,Bajaj Finserv Ltd.,BAJAJFINSV,"=GOOGLEFINANCE(""nse:BAJAJFINSV"",""PRICE"")"
INE118A01012,Bajaj Holdings & Investment Ltd.,BAJAJHLDNG,"=GOOGLEFINANCE(""nse:BAJAJHLDNG"",""PRICE"")"
INE296A01024,Bajaj Finance Ltd.,BAJFINANCE,"=GOOGLEFINANCE(""nse:BAJFINANCE"",""PRICE"")"
INE050E01027,Balaji Amines Ltd.,BALAMINES,"=GOOGLEFINANCE(""nse:BALAMINES"",""PRICE"")"
INE787D01026,Balkrishna Industries Ltd.,BALKRISIND,"=GOOGLEFINANCE(""nse:BALKRISIND"",""PRICE"")"
INE119A01028,Balrampur Chini Mills Ltd.,BALRAMCHIN,"=GOOGLEFINANCE(""nse:BALRAMCHIN"",""PRICE"")"
INE545U01014,Bandhan Bank Ltd.,BANDHANBNK,"=GOOGLEFINANCE(""nse:BANDHANBNK"",""PRICE"")"
INE028A01039,Bank of Baroda,BANKBARODA,"=GOOGLEFINANCE(""nse:BANKBARODA"",""PRICE"")"
INE084A01016,Bank of India,BANKINDIA,"=GOOGLEFINANCE(""nse:BANKINDIA"",""PRICE"")"
INE176A01028,Bata India Ltd.,BATAINDIA,"=GOOGLEFINANCE(""nse:BATAINDIA"",""PRICE"")"
INE462A01022,Bayer Cropscience Ltd.,BAYERCROP,"=GOOGLEFINANCE(""nse:BAYERCROP"",""PRICE"")"
INE050A01025,Bombay Burmah Trading Corporation Ltd.,BBTC,"=GOOGLEFINANCE(""nse:BBTC"",""PRICE"")"
INE171Z01018,Bharat Dynamics Ltd.,BDL,"=GOOGLEFINANCE(""nse:BDL"",""PRICE"")"
INE263A01024,Bharat Electronics Ltd.,BEL,"=GOOGLEFINANCE(""nse:BEL"",""PRICE"")"
INE258A01016,BEML Ltd.,BEML,"=GOOGLEFINANCE(""nse:BEML"",""PRICE"")"
INE463A01038,Berger Paints India Ltd.,BERGEPAINT,"=GOOGLEFINANCE(""nse:BERGEPAINT"",""PRICE"")"
INE465A01025,Bharat Forge Ltd.,BHARATFORG,"=GOOGLEFINANCE(""nse:BHARATFORG"",""PRICE"")"
INE397D01024,Bharti Airtel Ltd.,BHARTIARTL,"=GOOGLEFINANCE(""nse:BHARTIARTL"",""PRICE"")"
INE257A01026,Bharat Heavy Electricals Ltd.,BHEL,"=GOOGLEFINANCE(""nse:BHEL"",""PRICE"")"
INE00E101023,Bikaji Foods International Ltd.,BIKAJI,"=GOOGLEFINANCE(""nse:BIKAJI"",""PRICE"")"
INE376G01013,Biocon Ltd.,BIOCON,"=GOOGLEFINANCE(""nse:BIOCON"",""PRICE"")"
INE340A01012,Birla Corporation Ltd.,BIRLACORPN,"=GOOGLEFINANCE(""nse:BIRLACORPN"",""PRICE"")"
INE153T01027,BLS International Services Ltd.,BLS,"=GOOGLEFINANCE(""nse:BLS"",""PRICE"")"
INE233B01017,Blue Dart Express Ltd.,BLUEDART,"=GOOGLEFINANCE(""nse:BLUEDART"",""PRICE"")"
INE472A01039,Blue Star Ltd.,BLUESTARCO,"=GOOGLEFINANCE(""nse:BLUESTARCO"",""PRICE"")"
INE666D01022,Borosil Renewables Ltd.,BORORENEW,"=GOOGLEFINANCE(""nse:BORORENEW"",""PRICE"")"
INE323A01026,Bosch Ltd.,BOSCHLTD,"=GOOGLEFINANCE(""nse:BOSCHLTD"",""PRICE"")"
INE029A01011,Bharat Petroleum Corporation Ltd.,BPCL,"=GOOGLEFINANCE(""nse:BPCL"",""PRICE"")"
INE791I01019,Brigade Enterprises Ltd.,BRIGADE,"=GOOGLEFINANCE(""nse:BRIGADE"",""PRICE"")"
INE216A01030,Britannia Industries Ltd.,BRITANNIA,"=GOOGLEFINANCE(""nse:BRITANNIA"",""PRICE"")"
INE118H01025,BSE Ltd.,BSE,"=GOOGLEFINANCE(""nse:BSE"",""PRICE"")"
INE836A01035,Birlasoft Ltd.,BSOFT,"=GOOGLEFINANCE(""nse:BSOFT"",""PRICE"")"
INE278Y01022,Campus Activewear Ltd.,CAMPUS,"=GOOGLEFINANCE(""nse:CAMPUS"",""PRICE"")"
INE596I01012,Computer Age Management Services Ltd.,CAMS,"=GOOGLEFINANCE(""nse:CAMS"",""PRICE"")"
INE476A01022,Canara Bank,CANBK,"=GOOGLEFINANCE(""nse:CANBK"",""PRICE"")"
INE477A01020,Can Fin Homes Ltd.,CANFINHOME,"=GOOGLEFINANCE(""nse:CANFINHOME"",""PRICE"")"
INE475E01026,Caplin Point Laboratories Ltd.,CAPLIPOINT,"=GOOGLEFINANCE(""nse:CAPLIPOINT"",""PRICE"")"
INE120A01034,Carborundum Universal Ltd.,CARBORUNIV,"=GOOGLEFINANCE(""nse:CARBORUNIV"",""PRICE"")"
INE172A01027,Castrol India Ltd.,CASTROLIND,"=GOOGLEFINANCE(""nse:CASTROLIND"",""PRICE"")"
INE421D01022,CCL Products (I) Ltd.,CCL,"=GOOGLEFINANCE(""nse:CCL"",""PRICE"")"
INE736A01011,Central Depository Services (India) Ltd.,CDSL,"=GOOGLEFINANCE(""nse:CDSL"",""PRICE"")"
INE482A01020,Ceat Ltd.,CEATLTD,"=GOOGLEFINANCE(""nse:CEATLTD"",""PRICE"")"
INE0LMW01024,Cello World Ltd.,CELLO,"=GOOGLEFINANCE(""nse:CELLO"",""PRICE"")"
INE483A01010,Central Bank of India,CENTRALBK,"=GOOGLEFINANCE(""nse:CENTRALBK"",""PRICE"")"
INE348B01021,Century Plyboards (India) Ltd.,CENTURYPLY,"=GOOGLEFINANCE(""nse:CENTURYPLY"",""PRICE"")"
INE055A01016,Century Textile & Industries Ltd.,CENTURYTEX,"=GOOGLEFINANCE(""nse:CENTURYTEX"",""PRICE"")"
INE739E01017,Cera Sanitaryware Ltd,CERA,"=GOOGLEFINANCE(""nse:CERA"",""PRICE"")"
INE486A01021,CESC Ltd.,CESC,"=GOOGLEFINANCE(""nse:CESC"",""PRICE"")"
INE180C01042,Capri Global Capital Ltd.,CGCL,"=GOOGLEFINANCE(""nse:CGCL"",""PRICE"")"
INE067A01029,CG Power and Industrial Solutions Ltd.,CGPOWER,"=GOOGLEFINANCE(""nse:CGPOWER"",""PRICE"")"
INE427F01016,Chalet Hotels Ltd.,CHALET,"=GOOGLEFINANCE(""nse:CHALET"",""PRICE"")"
INE085A01013,Chambal Fertilizers & Chemicals Ltd.,CHAMBLFERT,"=GOOGLEFINANCE(""nse:CHAMBLFERT"",""PRICE"")"
INE488A01050,Chemplast Sanmar Ltd.,CHEMPLASTS,"=GOOGLEFINANCE(""nse:CHEMPLASTS"",""PRICE"")"
INE178A01016,Chennai Petroleum Corporation Ltd.,CHENNPETRO,"=GOOGLEFINANCE(""nse:CHENNPETRO"",""PRICE"")"
INE121A01024,Cholamandalam Investment and Finance Company Ltd.,CHOLAFIN,"=GOOGLEFINANCE(""nse:CHOLAFIN"",""PRICE"")"
INE149A01033,Cholamandalam Financial Holdings Ltd.,CHOLAHLDNG,"=GOOGLEFINANCE(""nse:CHOLAHLDNG"",""PRICE"")"
INE536H01010,CIE Automotive India Ltd.,CIEINDIA,"=GOOGLEFINANCE(""nse:CIEINDIA"",""PRICE"")"
INE059A01026,Cipla Ltd.,CIPLA,"=GOOGLEFINANCE(""nse:CIPLA"",""PRICE"")"
INE227W01023,Clean Science and Technology Ltd.,CLEAN,"=GOOGLEFINANCE(""nse:CLEAN"",""PRICE"")"
INE522F01014,Coal India Ltd.,COALINDIA,"=GOOGLEFINANCE(""nse:COALINDIA"",""PRICE"")"
INE704P01025,Cochin Shipyard Ltd.,COCHINSHIP,"=GOOGLEFINANCE(""nse:COCHINSHIP"",""PRICE"")"
INE591G01017,Coforge Ltd.,COFORGE,"=GOOGLEFINANCE(""nse:COFORGE"",""PRICE"")"
INE259A01022,Colgate Palmolive (India) Ltd.,COLPAL,"=GOOGLEFINANCE(""nse:COLPAL"",""PRICE"")"
INE111A01025,Container Corporation of India Ltd.,CONCOR,"=GOOGLEFINANCE(""nse:CONCOR"",""PRICE"")"
INE338H01029,Concord Biotech Ltd.,CONCORDBIO,"=GOOGLEFINANCE(""nse:CONCORDBIO"",""PRICE"")"
INE169A01031,Coromandel International Ltd.,COROMANDEL,"=GOOGLEFINANCE(""nse:COROMANDEL"",""PRICE"")"
INE00LO01017,Craftsman Automation Ltd.,CRAFTSMAN,"=GOOGLEFINANCE(""nse:CRAFTSMAN"",""PRICE"")"
INE741K01010,CreditAccess Grameen Ltd.,CREDITACC,"=GOOGLEFINANCE(""nse:CREDITACC"",""PRICE"")"
INE007A01025,CRISIL Ltd.,CRISIL,"=GOOGLEFINANCE(""nse:CRISIL"",""PRICE"")"
INE299U01018,Crompton Greaves Consumer Electricals Ltd.,CROMPTON,"=GOOGLEFINANCE(""nse:CROMPTON"",""PRICE"")"
INE679A01013,CSB Bank Ltd.,CSBBANK,"=GOOGLEFINANCE(""nse:CSBBANK"",""PRICE"")"
INE491A01021,City Union Bank Ltd.,CUB,"=GOOGLEFINANCE(""nse:CUB"",""PRICE"")"
INE298A01020,Cummins India Ltd.,CUMMINSIND,"=GOOGLEFINANCE(""nse:CUMMINSIND"",""PRICE"")"
INE136B01020,Cyient Ltd.,CYIENT,"=GOOGLEFINANCE(""nse:CYIENT"",""PRICE"")"
INE016A01026,Dabur India Ltd.,DABUR,"=GOOGLEFINANCE(""nse:DABUR"",""PRICE"")"
INE00R701025,Dalmia Bharat Ltd.,DALBHARAT,"=GOOGLEFINANCE(""nse:DALBHARAT"",""PRICE"")"
INE0IX101010,Data Patterns (India) Ltd.,DATAPATTNS,"=GOOGLEFINANCE(""nse:DATAPATTNS"",""PRICE"")"
INE499A01024,DCM Shriram Ltd.,DCMSHRIRAM,"=GOOGLEFINANCE(""nse:DCMSHRIRAM"",""PRICE"")"
INE501A01019,Deepak Fertilisers & Petrochemicals Corp. Ltd.,DEEPAKFERT,"=GOOGLEFINANCE(""nse:DEEPAKFERT"",""PRICE"")"
INE288B01029,Deepak Nitrite Ltd.,DEEPAKNTR,"=GOOGLEFINANCE(""nse:DEEPAKNTR"",""PRICE"")"
INE148O01028,Delhivery Ltd.,DELHIVERY,"=GOOGLEFINANCE(""nse:DELHIVERY"",""PRICE"")"
INE872J01023,Devyani International Ltd.,DEVYANI,"=GOOGLEFINANCE(""nse:DEVYANI"",""PRICE"")"
INE361B01024,Divi's Laboratories Ltd.,DIVISLAB,"=GOOGLEFINANCE(""nse:DIVISLAB"",""PRICE"")"
INE935N01020,Dixon Technologies (India) Ltd.,DIXON,"=GOOGLEFINANCE(""nse:DIXON"",""PRICE"")"
INE271C01023,DLF Ltd.,DLF,"=GOOGLEFINANCE(""nse:DLF"",""PRICE"")"
INE192R01011,Avenue Supermarts Ltd.,DMART,"=GOOGLEFINANCE(""nse:DMART"",""PRICE"")"
INE321T01012,DOMS Industries Ltd.,DOMS,"=GOOGLEFINANCE(""nse:DOMS"",""PRICE"")"
INE089A01023,Dr. Reddy's Laboratories Ltd.,DRREDDY,"=GOOGLEFINANCE(""nse:DRREDDY"",""PRICE"")"
INE07O001026,Easy Trip Planners Ltd.,EASEMYTRIP,"=GOOGLEFINANCE(""nse:EASEMYTRIP"",""PRICE"")"
INE738I01010,eClerx Services Ltd.,ECLERX,"=GOOGLEFINANCE(""nse:ECLERX"",""PRICE"")"
INE066A01021,Eicher Motors Ltd.,EICHERMOT,"=GOOGLEFINANCE(""nse:EICHERMOT"",""PRICE"")"
INE126A01031,E.I.D. Parry (India) Ltd.,EIDPARRY,"=GOOGLEFINANCE(""nse:EIDPARRY"",""PRICE"")"
INE230A01023,EIH Ltd.,EIHOTEL,"=GOOGLEFINANCE(""nse:EIHOTEL"",""PRICE"")"
INE205B01023,Elecon Engineering Co. Ltd.,ELECON,"=GOOGLEFINANCE(""nse:ELECON"",""PRICE"")"
INE285A01027,Elgi Equipments Ltd.,ELGIEQUIP,"=GOOGLEFINANCE(""nse:ELGIEQUIP"",""PRICE"")"
INE548C01032,Emami Ltd.,EMAMILTD,"=GOOGLEFINANCE(""nse:EMAMILTD"",""PRICE"")"
INE913H01037,Endurance Technologies Ltd.,ENDURANCE,"=GOOGLEFINANCE(""nse:ENDURANCE"",""PRICE"")"
INE510A01028,Engineers India Ltd.,ENGINERSIN,"=GOOGLEFINANCE(""nse:ENGINERSIN"",""PRICE"")"
INE255A01020,EPL Ltd.,EPL,"=GOOGLEFINANCE(""nse:EPL"",""PRICE"")"
INE063P01018,Equitas Small Finance Bank Ltd.,EQUITASBNK,"=GOOGLEFINANCE(""nse:EQUITASBNK"",""PRICE"")"
INE406M01024,Eris Lifesciences Ltd.,ERIS,"=GOOGLEFINANCE(""nse:ERIS"",""PRICE"")"
INE042A01014,Escorts Kubota Ltd.,ESCORTS,"=GOOGLEFINANCE(""nse:ESCORTS"",""PRICE"")"
INE302A01020,Exide Industries Ltd.,EXIDEIND,"=GOOGLEFINANCE(""nse:EXIDEIND"",""PRICE"")"
INE188A01015,Fertilisers and Chemicals Travancore Ltd.,FACT,"=GOOGLEFINANCE(""nse:FACT"",""PRICE"")"
INE258B01022,FDC Ltd.,FDC,"=GOOGLEFINANCE(""nse:FDC"",""PRICE"")"
INE171A01029,Federal Bank Ltd.,FEDERALBNK,"=GOOGLEFINANCE(""nse:FEDERALBNK"",""PRICE"")"
INE235A01022,Finolex Cables Ltd.,FINCABLES,"=GOOGLEFINANCE(""nse:FINCABLES"",""PRICE"")"
INE686Y01026,Fine Organic Industries Ltd.,FINEORG,"=GOOGLEFINANCE(""nse:FINEORG"",""PRICE"")"
INE183A01024,Finolex Industries Ltd.,FINPIPE,"=GOOGLEFINANCE(""nse:FINPIPE"",""PRICE"")"
INE128S01021,Five-Star Business Finance Ltd.,FIVESTAR,"=GOOGLEFINANCE(""nse:FIVESTAR"",""PRICE"")"
INE09N301011,Gujarat Fluorochemicals Ltd.,FLUOROCHEM,"=GOOGLEFINANCE(""nse:FLUOROCHEM"",""PRICE"")"
INE061F01013,Fortis Healthcare Ltd.,FORTIS,"=GOOGLEFINANCE(""nse:FORTIS"",""PRICE"")"
INE684F01012,Firstsource Solutions Ltd.,FSL,"=GOOGLEFINANCE(""nse:FSL"",""PRICE"")"
INE036B01030,Gujarat Ambuja Exports Ltd.,GAEL,"=GOOGLEFINANCE(""nse:GAEL"",""PRICE"")"
INE129A01019,GAIL (India) Ltd.,GAIL,"=GOOGLEFINANCE(""nse:GAIL"",""PRICE"")"
INE017A01032,Great Eastern Shipping Co. Ltd.,GESHIP,"=GOOGLEFINANCE(""nse:GESHIP"",""PRICE"")"
INE481Y01014,General Insurance Corporation of India,GICRE,"=GOOGLEFINANCE(""nse:GICRE"",""PRICE"")"
INE322A01010,Gillette India Ltd.,GILLETTE,"=GOOGLEFINANCE(""nse:GILLETTE"",""PRICE"")"
INE068V01023,Gland Pharma Ltd.,GLAND,"=GOOGLEFINANCE(""nse:GLAND"",""PRICE"")"
INE159A01016,Glaxosmithkline Pharmaceuticals Ltd.,GLAXO,"=GOOGLEFINANCE(""nse:GLAXO"",""PRICE"")"
INE935A01035,Glenmark Pharmaceuticals Ltd.,GLENMARK,"=GOOGLEFINANCE(""nse:GLENMARK"",""PRICE"")"
INE03Q201024,Glenmark Life Sciences Ltd.,GLS,"=GOOGLEFINANCE(""nse:GLS"",""PRICE"")"
INE131A01031,Gujarat Mineral Development Corporation Ltd.,GMDCLTD,"=GOOGLEFINANCE(""nse:GMDCLTD"",""PRICE"")"
INE541A01023,GMM Pfaudler Ltd.,GMMPFAUDLR,"=GOOGLEFINANCE(""nse:GMMPFAUDLR"",""PRICE"")"
INE776C01039,GMR Airports Infrastructure Ltd.,GMRINFRA,"=GOOGLEFINANCE(""nse:GMRINFRA"",""PRICE"")"
INE113A01013,Gujarat Narmada Valley Fertilizers and Chemicals Ltd.,GNFC,"=GOOGLEFINANCE(""nse:GNFC"",""PRICE"")"
INE260B01028,Godfrey Phillips India Ltd.,GODFRYPHLP,"=GOOGLEFINANCE(""nse:GODFRYPHLP"",""PRICE"")"
INE102D01028,Godrej Consumer Products Ltd.,GODREJCP,"=GOOGLEFINANCE(""nse:GODREJCP"",""PRICE"")"
INE233A01035,Godrej Industries Ltd.,GODREJIND,"=GOOGLEFINANCE(""nse:GODREJIND"",""PRICE"")"
INE484J01027,Godrej Properties Ltd.,GODREJPROP,"=GOOGLEFINANCE(""nse:GODREJPROP"",""PRICE"")"
INE177H01021,Godawari Power & Ispat Ltd.,GPIL,"=GOOGLEFINANCE(""nse:GPIL"",""PRICE"")"
INE517F01014,Gujarat Pipavav Port Ltd.,GPPL,"=GOOGLEFINANCE(""nse:GPPL"",""PRICE"")"
INE101D01020,Granules India Ltd.,GRANULES,"=GOOGLEFINANCE(""nse:GRANULES"",""PRICE"")"
INE371A01025,Graphite India Ltd.,GRAPHITE,"=GOOGLEFINANCE(""nse:GRAPHITE"",""PRICE"")"
INE047A01021,Grasim Industries Ltd.,GRASIM,"=GOOGLEFINANCE(""nse:GRASIM"",""PRICE"")"
INE536A01023,Grindwell Norton Ltd.,GRINDWELL,"=GOOGLEFINANCE(""nse:GRINDWELL"",""PRICE"")"
INE382Z01011,Garden Reach Shipbuilders & Engineers Ltd.,GRSE,"=GOOGLEFINANCE(""nse:GRSE"",""PRICE"")"
INE026A01025,Gujarat State Fertilizers & Chemicals Ltd.,GSFC,"=GOOGLEFINANCE(""nse:GSFC"",""PRICE"")"
INE246F01010,Gujarat State Petronet Ltd.,GSPL,"=GOOGLEFINANCE(""nse:GSPL"",""PRICE"")"
INE844O01030,Gujarat Gas Ltd.,GUJGASLTD,"=GOOGLEFINANCE(""nse:GUJGASLTD"",""PRICE"")"
INE066F01020,Hindustan Aeronautics Ltd.,HAL,"=GOOGLEFINANCE(""nse:HAL"",""PRICE"")"
INE419U01012,Happiest Minds Technologies Ltd.,HAPPSTMNDS,"=GOOGLEFINANCE(""nse:HAPPSTMNDS"",""PRICE"")"
INE330T01021,Happy Forgings Ltd.,HAPPYFORGE,"=GOOGLEFINANCE(""nse:HAPPYFORGE"",""PRICE"")"
INE176B01034,Havells India Ltd.,HAVELLS,"=GOOGLEFINANCE(""nse:HAVELLS"",""PRICE"")"
INE292B01021,HBL Power Systems Ltd.,HBLPOWER,"=GOOGLEFINANCE(""nse:HBLPOWER"",""PRICE"")"
INE860A01027,HCL Technologies Ltd.,HCLTECH,"=GOOGLEFINANCE(""nse:HCLTECH"",""PRICE"")"
INE127D01025,HDFC Asset Management Company Ltd.,HDFCAMC,"=GOOGLEFINANCE(""nse:HDFCAMC"",""PRICE"")"
INE040A01034,HDFC Bank Ltd.,HDFCBANK,"=GOOGLEFINANCE(""nse:HDFCBANK"",""PRICE"")"
INE795G01014,HDFC Life Insurance Company Ltd.,HDFCLIFE,"=GOOGLEFINANCE(""nse:HDFCLIFE"",""PRICE"")"
INE545A01016,H.E.G. Ltd.,HEG,"=GOOGLEFINANCE(""nse:HEG"",""PRICE"")"
INE158A01026,Hero MotoCorp Ltd.,HEROMOTOCO,"=GOOGLEFINANCE(""nse:HEROMOTOCO"",""PRICE"")"
INE548A01028,HFCL Ltd.,HFCL,"=GOOGLEFINANCE(""nse:HFCL"",""PRICE"")"
INE038A01020,Hindalco Industries Ltd.,HINDALCO,"=GOOGLEFINANCE(""nse:HINDALCO"",""PRICE"")"
INE531E01026,Hindustan Copper Ltd.,HINDCOPPER,"=GOOGLEFINANCE(""nse:HINDCOPPER"",""PRICE"")"
INE094A01015,Hindustan Petroleum Corporation Ltd.,HINDPETRO,"=GOOGLEFINANCE(""nse:HINDPETRO"",""PRICE"")"
INE030A01027,Hindustan Unilever Ltd.,HINDUNILVR,"=GOOGLEFINANCE(""nse:HINDUNILVR"",""PRICE"")"
INE267A01025,Hindustan Zinc Ltd.,HINDZINC,"=GOOGLEFINANCE(""nse:HINDZINC"",""PRICE"")"
INE481N01025,Home First Finance Company India Ltd.,HOMEFIRST,"=GOOGLEFINANCE(""nse:HOMEFIRST"",""PRICE"")"
INE0J5401028,Honasa Consumer Ltd.,HONASA,"=GOOGLEFINANCE(""nse:HONASA"",""PRICE"")"
INE671A01010,Honeywell Automation India Ltd.,HONAUT,"=GOOGLEFINANCE(""nse:HONAUT"",""PRICE"")"
INE019C01026,Himadri Speciality Chemical Ltd.,HSCL,"=GOOGLEFINANCE(""nse:HSCL"",""PRICE"")"
INE031A01017,Housing & Urban Development Corporation Ltd.,HUDCO,"=GOOGLEFINANCE(""nse:HUDCO"",""PRICE"")"
INE148I01020,Indiabulls Housing Finance Ltd.,IBULHSGFIN,"=GOOGLEFINANCE(""nse:IBULHSGFIN"",""PRICE"")"
INE090A01021,ICICI Bank Ltd.,ICICIBANK,"=GOOGLEFINANCE(""nse:ICICIBANK"",""PRICE"")"
INE765G01017,ICICI Lombard General Insurance Company Ltd.,ICICIGI,"=GOOGLEFINANCE(""nse:ICICIGI"",""PRICE"")"
INE726G01019,ICICI Prudential Life Insurance Company Ltd.,ICICIPRULI,"=GOOGLEFINANCE(""nse:ICICIPRULI"",""PRICE"")"
INE008A01015,IDBI Bank Ltd.,IDBI,"=GOOGLEFINANCE(""nse:IDBI"",""PRICE"")"
INE669E01016,Vodafone Idea Ltd.,IDEA,"=GOOGLEFINANCE(""nse:IDEA"",""PRICE"")"
INE043D01016,IDFC Ltd.,IDFC,"=GOOGLEFINANCE(""nse:IDFC"",""PRICE"")"
INE092T01019,IDFC First Bank Ltd.,IDFCFIRSTB,"=GOOGLEFINANCE(""nse:IDFCFIRSTB"",""PRICE"")"
INE022Q01020,Indian Energy Exchange Ltd.,IEX,"=GOOGLEFINANCE(""nse:IEX"",""PRICE"")"
INE203G01027,Indraprastha Gas Ltd.,IGL,"=GOOGLEFINANCE(""nse:IGL"",""PRICE"")"
INE530B01024,IIFL Finance Ltd.,IIFL,"=GOOGLEFINANCE(""nse:IIFL"",""PRICE"")"
INE053A01029,Indian Hotels Co. Ltd.,INDHOTEL,"=GOOGLEFINANCE(""nse:INDHOTEL"",""PRICE"")"
INE383A01012,India Cements Ltd.,INDIACEM,"=GOOGLEFINANCE(""nse:INDIACEM"",""PRICE"")"
INE933S01016,Indiamart Intermesh Ltd.,INDIAMART,"=GOOGLEFINANCE(""nse:INDIAMART"",""PRICE"")"
INE562A01011,Indian Bank,INDIANB,"=GOOGLEFINANCE(""nse:INDIANB"",""PRICE"")"
INE646L01027,InterGlobe Aviation Ltd.,INDIGO,"=GOOGLEFINANCE(""nse:INDIGO"",""PRICE"")"
INE09VQ01012,Indigo Paints Ltd.,INDIGOPNTS,"=GOOGLEFINANCE(""nse:INDIGOPNTS"",""PRICE"")"
INE095A01012,IndusInd Bank Ltd.,INDUSINDBK,"=GOOGLEFINANCE(""nse:INDUSINDBK"",""PRICE"")"
INE121J01017,Indus Towers Ltd.,INDUSTOWER,"=GOOGLEFINANCE(""nse:INDUSTOWER"",""PRICE"")"
INE009A01021,Infosys Ltd.,INFY,"=GOOGLEFINANCE(""nse:INFY"",""PRICE"")"
INE066P01011,Inox Wind Ltd.,INOXWIND,"=GOOGLEFINANCE(""nse:INOXWIND"",""PRICE"")"
INE306R01017,Intellect Design Arena Ltd.,INTELLECT,"=GOOGLEFINANCE(""nse:INTELLECT"",""PRICE"")"
INE565A01014,Indian Overseas Bank,IOB,"=GOOGLEFINANCE(""nse:IOB"",""PRICE"")"
INE242A01010,Indian Oil Corporation Ltd.,IOC,"=GOOGLEFINANCE(""nse:IOC"",""PRICE"")"
INE571A01038,Ipca Laboratories Ltd.,IPCALAB,"=GOOGLEFINANCE(""nse:IPCALAB"",""PRICE"")"
INE821I01022,IRB Infrastructure Developers Ltd.,IRB,"=GOOGLEFINANCE(""nse:IRB"",""PRICE"")"
INE962Y01021,IRCON International Ltd.,IRCON,"=GOOGLEFINANCE(""nse:IRCON"",""PRICE"")"
INE335Y01020,Indian Railway Catering And Tourism Corporation Ltd.,IRCTC,"=GOOGLEFINANCE(""nse:IRCTC"",""PRICE"")"
INE053F01010,Indian Railway Finance Corporation Ltd.,IRFC,"=GOOGLEFINANCE(""nse:IRFC"",""PRICE"")"
INE763G01038,ICICI Securities Ltd.,ISEC,"=GOOGLEFINANCE(""nse:ISEC"",""PRICE"")"
INE154A01025,ITC Ltd.,ITC,"=GOOGLEFINANCE(""nse:ITC"",""PRICE"")"
INE248A01017,ITI Ltd.,ITI,"=GOOGLEFINANCE(""nse:ITI"",""PRICE"")"
INE168A01041,Jammu & Kashmir Bank Ltd.,J&KBANK,"=GOOGLEFINANCE(""nse:J&KBANK"",""PRICE"")"
INE091G01018,Jai Balaji Industries Ltd.,JAIBALAJI,"=GOOGLEFINANCE(""nse:JAIBALAJI"",""PRICE"")"
INE572A01036,J.B. Chemicals & Pharmaceuticals Ltd.,JBCHEPHARM,"=GOOGLEFINANCE(""nse:JBCHEPHARM"",""PRICE"")"
INE927D01044,JBM Auto Ltd.,JBMA,"=GOOGLEFINANCE(""nse:JBMA"",""PRICE"")"
INE324A01024,Jindal Saw Ltd.,JINDALSAW,"=GOOGLEFINANCE(""nse:JINDALSAW"",""PRICE"")"
INE749A01030,Jindal Steel & Power Ltd.,JINDALSTEL,"=GOOGLEFINANCE(""nse:JINDALSTEL"",""PRICE"")"
INE758E01017,Jio Financial Services Ltd.,JIOFIN,"=GOOGLEFINANCE(""nse:JIOFIN"",""PRICE"")"
INE823G01014,J.K. Cement Ltd.,JKCEMENT,"=GOOGLEFINANCE(""nse:JKCEMENT"",""PRICE"")"
INE786A01032,JK Lakshmi Cement Ltd.,JKLAKSHMI,"=GOOGLEFINANCE(""nse:JKLAKSHMI"",""PRICE"")"
INE789E01012,JK Paper Ltd.,JKPAPER,"=GOOGLEFINANCE(""nse:JKPAPER"",""PRICE"")"
INE780C01023,JM Financial Ltd.,JMFINANCIL,"=GOOGLEFINANCE(""nse:JMFINANCIL"",""PRICE"")"
INE220G01021,Jindal Stainless Ltd.,JSL,"=GOOGLEFINANCE(""nse:JSL"",""PRICE"")"
INE121E01018,JSW Energy Ltd.,JSWENERGY,"=GOOGLEFINANCE(""nse:JSWENERGY"",""PRICE"")"
INE880J01026,JSW Infrastructure Ltd.,JSWINFRA,"=GOOGLEFINANCE(""nse:JSWINFRA"",""PRICE"")"
INE019A01038,JSW Steel Ltd.,JSWSTEEL,"=GOOGLEFINANCE(""nse:JSWSTEEL"",""PRICE"")"
INE797F01020,Jubilant Foodworks Ltd.,JUBLFOOD,"=GOOGLEFINANCE(""nse:JUBLFOOD"",""PRICE"")"
INE0BY001018,Jubilant Ingrevia Ltd.,JUBLINGREA,"=GOOGLEFINANCE(""nse:JUBLINGREA"",""PRICE"")"
INE700A01033,Jubilant Pharmova Ltd.,JUBLPHARMA,"=GOOGLEFINANCE(""nse:JUBLPHARMA"",""PRICE"")"
INE599M01018,Justdial Ltd.,JUSTDIAL,"=GOOGLEFINANCE(""nse:JUSTDIAL"",""PRICE"")"
INE209L01016,Jupiter Wagons Ltd.,JWL,"=GOOGLEFINANCE(""nse:JWL"",""PRICE"")"
INE668F01031,Jyothy Labs Ltd.,JYOTHYLAB,"=GOOGLEFINANCE(""nse:JYOTHYLAB"",""PRICE"")"
INE217B01036,Kajaria Ceramics Ltd.,KAJARIACER,"=GOOGLEFINANCE(""nse:KAJARIACER"",""PRICE"")"
INE303R01014,Kalyan Jewellers India Ltd.,KALYANKJIL,"=GOOGLEFINANCE(""nse:KALYANKJIL"",""PRICE"")"
INE531A01024,Kansai Nerolac Paints Ltd.,KANSAINER,"=GOOGLEFINANCE(""nse:KANSAINER"",""PRICE"")"
INE036D01028,Karur Vysya Bank Ltd.,KARURVYSYA,"=GOOGLEFINANCE(""nse:KARURVYSYA"",""PRICE"")"
INE918Z01012,Kaynes Technology India Ltd.,KAYNES,"=GOOGLEFINANCE(""nse:KAYNES"",""PRICE"")"
INE389H01022,Kec International Ltd.,KEC,"=GOOGLEFINANCE(""nse:KEC"",""PRICE"")"
INE878B01027,KEI Industries Ltd.,KEI,"=GOOGLEFINANCE(""nse:KEI"",""PRICE"")"
INE138Y01010,Kfin Technologies Ltd.,KFINTECH,"=GOOGLEFINANCE(""nse:KFINTECH"",""PRICE"")"
INE967H01017,Krishna Institute of Medical Sciences Ltd.,KIMS,"=GOOGLEFINANCE(""nse:KIMS"",""PRICE"")"
INE634I01029,KNR Constructions Ltd.,KNRCON,"=GOOGLEFINANCE(""nse:KNRCON"",""PRICE"")"
INE237A01028,Kotak Mahindra Bank Ltd.,KOTAKBANK,"=GOOGLEFINANCE(""nse:KOTAKBANK"",""PRICE"")"
INE220B01022,Kalpataru Projects International Ltd.,KPIL,"=GOOGLEFINANCE(""nse:KPIL"",""PRICE"")"
INE04I401011,KPIT Technologies Ltd.,KPITTECH,"=GOOGLEFINANCE(""nse:KPITTECH"",""PRICE"")"
INE930H01031,K.P.R. Mill Ltd.,KPRMILL,"=GOOGLEFINANCE(""nse:KPRMILL"",""PRICE"")"
INE001B01026,KRBL Ltd.,KRBL,"=GOOGLEFINANCE(""nse:KRBL"",""PRICE"")"
INE999A01015,KSB Ltd.,KSB,"=GOOGLEFINANCE(""nse:KSB"",""PRICE"")"
INE600L01024,Dr. Lal Path Labs Ltd.,LALPATHLAB,"=GOOGLEFINANCE(""nse:LALPATHLAB"",""PRICE"")"
INE0I7C01011,Latent View Analytics Ltd.,LATENTVIEW,"=GOOGLEFINANCE(""nse:LATENTVIEW"",""PRICE"")"
INE947Q01028,Laurus Labs Ltd.,LAURUSLABS,"=GOOGLEFINANCE(""nse:LAURUSLABS"",""PRICE"")"
INE970X01018,Lemon Tree Hotels Ltd.,LEMONTREE,"=GOOGLEFINANCE(""nse:LEMONTREE"",""PRICE"")"
INE115A01026,LIC Housing Finance Ltd.,LICHSGFIN,"=GOOGLEFINANCE(""nse:LICHSGFIN"",""PRICE"")"
INE0J1Y01017,Life Insurance Corporation of India,LICI,"=GOOGLEFINANCE(""nse:LICI"",""PRICE"")"
INE473A01011,Linde India Ltd.,LINDEINDIA,"=GOOGLEFINANCE(""nse:LINDEINDIA"",""PRICE"")"
INE281B01032,Lloyds Metals And Energy Ltd.,LLOYDSME,"=GOOGLEFINANCE(""nse:LLOYDSME"",""PRICE"")"
INE670K01029,Macrotech Developers Ltd.,LODHA,"=GOOGLEFINANCE(""nse:LODHA"",""PRICE"")"
INE018A01030,Larsen & Toubro Ltd.,LT,"=GOOGLEFINANCE(""nse:LT"",""PRICE"")"
INE498L01015,L&T Finance Ltd.,LTF,"=GOOGLEFINANCE(""nse:LTF"",""PRICE"")"
INE214T01019,LTIMindtree Ltd.,LTIM,"=GOOGLEFINANCE(""nse:LTIM"",""PRICE"")"
INE010V01017,L&T Technology Services Ltd.,LTTS,"=GOOGLEFINANCE(""nse:LTTS"",""PRICE"")"
INE326A01037,Lupin Ltd.,LUPIN,"=GOOGLEFINANCE(""nse:LUPIN"",""PRICE"")"
INE576O01020,Laxmi Organic Industries Ltd.,LXCHEM,"=GOOGLEFINANCE(""nse:LXCHEM"",""PRICE"")"
INE101A01026,Mahindra & Mahindra Ltd.,M&M,"=GOOGLEFINANCE(""nse:M&M"",""PRICE"")"
INE774D01024,Mahindra & Mahindra Financial Services Ltd.,M&MFIN,"=GOOGLEFINANCE(""nse:M&MFIN"",""PRICE"")"
INE457A01014,Bank of Maharashtra,MAHABANK,"=GOOGLEFINANCE(""nse:MAHABANK"",""PRICE"")"
INE813A01018,Mahindra Lifespace Developers Ltd.,MAHLIFE,"=GOOGLEFINANCE(""nse:MAHLIFE"",""PRICE"")"
INE271B01025,Maharashtra Seamless Ltd.,MAHSEAMLES,"=GOOGLEFINANCE(""nse:MAHSEAMLES"",""PRICE"")"
INE522D01027,Manappuram Finance Ltd.,MANAPPURAM,"=GOOGLEFINANCE(""nse:MANAPPURAM"",""PRICE"")"
INE634S01028,Mankind Pharma Ltd.,MANKIND,"=GOOGLEFINANCE(""nse:MANKIND"",""PRICE"")"
INE825V01034,Vedant Fashions Ltd.,MANYAVAR,"=GOOGLEFINANCE(""nse:MANYAVAR"",""PRICE"")"
INE0BV301023,C.E. Info Systems Ltd.,MAPMYINDIA,"=GOOGLEFINANCE(""nse:MAPMYINDIA"",""PRICE"")"
INE196A01026,Marico Ltd.,MARICO,"=GOOGLEFINANCE(""nse:MARICO"",""PRICE"")"
INE585B01010,Maruti Suzuki India Ltd.,MARUTI,"=GOOGLEFINANCE(""nse:MARUTI"",""PRICE"")"
INE759A01021,Mastek Ltd.,MASTEK,"=GOOGLEFINANCE(""nse:MASTEK"",""PRICE"")"
INE027H01010,Max Healthcare Institute Ltd.,MAXHEALTH,"=GOOGLEFINANCE(""nse:MAXHEALTH"",""PRICE"")"
INE249Z01012,Mazagoan Dock Shipbuilders Ltd.,MAZDOCK,"=GOOGLEFINANCE(""nse:MAZDOCK"",""PRICE"")"
INE854D01024,United Spirits Ltd.,MCDOWELL-N,"=GOOGLEFINANCE(""nse:MCDOWELL-N"",""PRICE"")"
INE745G01035,Multi Commodity Exchange of India Ltd.,MCX,"=GOOGLEFINANCE(""nse:MCX"",""PRICE"")"
INE474Q01031,Global Health Ltd.,MEDANTA,"=GOOGLEFINANCE(""nse:MEDANTA"",""PRICE"")"
INE804L01022,Medplus Health Services Ltd.,MEDPLUS,"=GOOGLEFINANCE(""nse:MEDPLUS"",""PRICE"")"
INE317I01021,Metro Brands Ltd.,METROBRAND,"=GOOGLEFINANCE(""nse:METROBRAND"",""PRICE"")"
INE112L01020,Metropolis Healthcare Ltd.,METROPOLIS,"=GOOGLEFINANCE(""nse:METROPOLIS"",""PRICE"")"
INE180A01020,Max Financial Services Ltd.,MFSL,"=GOOGLEFINANCE(""nse:MFSL"",""PRICE"")"
INE002S01010,Mahanagar Gas Ltd.,MGL,"=GOOGLEFINANCE(""nse:MGL"",""PRICE"")"
INE998I01010,Mahindra Holidays & Resorts India Ltd.,MHRIL,"=GOOGLEFINANCE(""nse:MHRIL"",""PRICE"")"
INE842C01021,Minda Corporation Ltd.,MINDACORP,"=GOOGLEFINANCE(""nse:MINDACORP"",""PRICE"")"
INE123F01029,MMTC Ltd.,MMTC,"=GOOGLEFINANCE(""nse:MMTC"",""PRICE"")"
INE775A01035,Samvardhana Motherson International Ltd.,MOTHERSON,"=GOOGLEFINANCE(""nse:MOTHERSON"",""PRICE"")"
INE338I01027,Motilal Oswal Financial Services Ltd.,MOTILALOFS,"=GOOGLEFINANCE(""nse:MOTILALOFS"",""PRICE"")"
INE356A01018,MphasiS Ltd.,MPHASIS,"=GOOGLEFINANCE(""nse:MPHASIS"",""PRICE"")"
INE883A01011,MRF Ltd.,MRF,"=GOOGLEFINANCE(""nse:MRF"",""PRICE"")"
INE103A01014,Mangalore Refinery & Petrochemicals Ltd.,MRPL,"=GOOGLEFINANCE(""nse:MRPL"",""PRICE"")"
INE0FS801015,Motherson Sumi Wiring India Ltd.,MSUMI,"=GOOGLEFINANCE(""nse:MSUMI"",""PRICE"")"
INE864I01014,MTAR Technologies Ltd.,MTARTECH,"=GOOGLEFINANCE(""nse:MTARTECH"",""PRICE"")"
INE414G01012,Muthoot Finance Ltd.,MUTHOOTFIN,"=GOOGLEFINANCE(""nse:MUTHOOTFIN"",""PRICE"")"
INE298J01013,Nippon Life India Asset Management Ltd.,NAM-INDIA,"=GOOGLEFINANCE(""nse:NAM-INDIA"",""PRICE"")"
INE987B01026,NATCO Pharma Ltd.,NATCOPHARM,"=GOOGLEFINANCE(""nse:NATCOPHARM"",""PRICE"")"
INE139A01034,National Aluminium Co. Ltd.,NATIONALUM,"=GOOGLEFINANCE(""nse:NATIONALUM"",""PRICE"")"
INE663F01024,Info Edge (India) Ltd.,NAUKRI,"=GOOGLEFINANCE(""nse:NAUKRI"",""PRICE"")"
INE048G01026,Navin Fluorine International Ltd.,NAVINFLUOR,"=GOOGLEFINANCE(""nse:NAVINFLUOR"",""PRICE"")"
INE095N01031,NBCC (India) Ltd.,NBCC,"=GOOGLEFINANCE(""nse:NBCC"",""PRICE"")"
INE868B01028,NCC Ltd.,NCC,"=GOOGLEFINANCE(""nse:NCC"",""PRICE"")"
INE239A01024,Nestle India Ltd.,NESTLEIND,"=GOOGLEFINANCE(""nse:NESTLEIND"",""PRICE"")"
INE870H01013,Network18 Media & Investments Ltd.,NETWORK18,"=GOOGLEFINANCE(""nse:NETWORK18"",""PRICE"")"
INE410P01011,Narayana Hrudayalaya Ltd.,NH,"=GOOGLEFINANCE(""nse:NH"",""PRICE"")"
INE848E01016,NHPC Ltd.,NHPC,"=GOOGLEFINANCE(""nse:NHPC"",""PRICE"")"
INE470Y01017,The New India Assurance Company Ltd.,NIACL,"=GOOGLEFINANCE(""nse:NIACL"",""PRICE"")"
INE589A01014,NLC India Ltd.,NLCINDIA,"=GOOGLEFINANCE(""nse:NLCINDIA"",""PRICE"")"
INE584A01023,NMDC Ltd.,NMDC,"=GOOGLEFINANCE(""nse:NMDC"",""PRICE"")"
INE0NNS01018,NMDC Steel Ltd.,NSLNISP,"=GOOGLEFINANCE(""nse:NSLNISP"",""PRICE"")"
INE733E01010,NTPC Ltd.,NTPC,"=GOOGLEFINANCE(""nse:NTPC"",""PRICE"")"
INE531F01015,Nuvama Wealth Management Ltd.,NUVAMA,"=GOOGLEFINANCE(""nse:NUVAMA"",""PRICE"")"
INE118D01016,Nuvoco Vistas Corporation Ltd.,NUVOCO,"=GOOGLEFINANCE(""nse:NUVOCO"",""PRICE"")"
INE388Y01029,FSN E-Commerce Ventures Ltd.,NYKAA,"=GOOGLEFINANCE(""nse:NYKAA"",""PRICE"")"
INE093I01010,Oberoi Realty Ltd.,OBEROIRLTY,"=GOOGLEFINANCE(""nse:OBEROIRLTY"",""PRICE"")"
INE881D01027,Oracle Financial Services Software Ltd.,OFSS,"=GOOGLEFINANCE(""nse:OFSS"",""PRICE"")"
INE274J01014,Oil India Ltd.,OIL,"=GOOGLEFINANCE(""nse:OIL"",""PRICE"")"
INE260D01016,Olectra Greentech Ltd.,OLECTRA,"=GOOGLEFINANCE(""nse:OLECTRA"",""PRICE"")"
INE213A01029,Oil & Natural Gas Corporation Ltd.,ONGC,"=GOOGLEFINANCE(""nse:ONGC"",""PRICE"")"
INE761H01022,Page Industries Ltd.,PAGEIND,"=GOOGLEFINANCE(""nse:PAGEIND"",""PRICE"")"
INE619A01035,Patanjali Foods Ltd.,PATANJALI,"=GOOGLEFINANCE(""nse:PATANJALI"",""PRICE"")"
INE982J01020,One 97 Communications Ltd.,PAYTM,"=GOOGLEFINANCE(""nse:PAYTM"",""PRICE"")"
INE602A01031,PCBL Ltd.,PCBL,"=GOOGLEFINANCE(""nse:PCBL"",""PRICE"")"
INE140A01024,Piramal Enterprises Ltd.,PEL,"=GOOGLEFINANCE(""nse:PEL"",""PRICE"")"
INE262H01021,Persistent Systems Ltd.,PERSISTENT,"=GOOGLEFINANCE(""nse:PERSISTENT"",""PRICE"")"
INE347G01014,Petronet LNG Ltd.,PETRONET,"=GOOGLEFINANCE(""nse:PETRONET"",""PRICE"")"
INE134E01011,Power Finance Corporation Ltd.,PFC,"=GOOGLEFINANCE(""nse:PFC"",""PRICE"")"
INE179A01014,Procter & Gamble Hygiene & Health Care Ltd.,PGHH,"=GOOGLEFINANCE(""nse:PGHH"",""PRICE"")"
INE211B01039,Phoenix Mills Ltd.,PHOENIXLTD,"=GOOGLEFINANCE(""nse:PHOENIXLTD"",""PRICE"")"
INE318A01026,Pidilite Industries Ltd.,PIDILITIND,"=GOOGLEFINANCE(""nse:PIDILITIND"",""PRICE"")"
INE603J01030,PI Industries Ltd.,PIIND,"=GOOGLEFINANCE(""nse:PIIND"",""PRICE"")"
INE160A01022,Punjab National Bank,PNB,"=GOOGLEFINANCE(""nse:PNB"",""PRICE"")"
INE572E01012,PNB Housing Finance Ltd.,PNBHOUSING,"=GOOGLEFINANCE(""nse:PNBHOUSING"",""PRICE"")"
INE195J01029,PNC Infratech Ltd.,PNCINFRA,"=GOOGLEFINANCE(""nse:PNCINFRA"",""PRICE"")"
INE417T01026,PB Fintech Ltd.,POLICYBZR,"=GOOGLEFINANCE(""nse:POLICYBZR"",""PRICE"")"
INE455K01017,Polycab India Ltd.,POLYCAB,"=GOOGLEFINANCE(""nse:POLYCAB"",""PRICE"")"
INE205C01021,Poly Medicure Ltd.,POLYMED,"=GOOGLEFINANCE(""nse:POLYMED"",""PRICE"")"
INE511C01022,Poonawalla Fincorp Ltd.,POONAWALLA,"=GOOGLEFINANCE(""nse:POONAWALLA"",""PRICE"")"
INE752E01010,Power Grid Corporation of India Ltd.,POWERGRID,"=GOOGLEFINANCE(""nse:POWERGRID"",""PRICE"")"
INE07Y701011,Hitachi Energy India Ltd.,POWERINDIA,"=GOOGLEFINANCE(""nse:POWERINDIA"",""PRICE"")"
INE0DK501011,Piramal Pharma Ltd.,PPLPHARMA,"=GOOGLEFINANCE(""nse:PPLPHARMA"",""PRICE"")"
INE074A01025,Praj Industries Ltd.,PRAJIND,"=GOOGLEFINANCE(""nse:PRAJIND"",""PRICE"")"
INE811K01011,Prestige Estates Projects Ltd.,PRESTIGE,"=GOOGLEFINANCE(""nse:PRESTIGE"",""PRICE"")"
INE689W01016,Prince Pipes and Fittings Ltd.,PRINCEPIPE,"=GOOGLEFINANCE(""nse:PRINCEPIPE"",""PRICE"")"
INE010A01011,Prism Johnson Ltd.,PRSMJOHNSN,"=GOOGLEFINANCE(""nse:PRSMJOHNSN"",""PRICE"")"
INE191H01014,PVR INOX Ltd.,PVRINOX,"=GOOGLEFINANCE(""nse:PVRINOX"",""PRICE"")"
INE615P01015,Quess Corp Ltd.,QUESS,"=GOOGLEFINANCE(""nse:QUESS"",""PRICE"")"
INE944F01028,Radico Khaitan Ltd,RADICO,"=GOOGLEFINANCE(""nse:RADICO"",""PRICE"")"
INE0DD101019,Railtel Corporation Of India Ltd.,RAILTEL,"=GOOGLEFINANCE(""nse:RAILTEL"",""PRICE"")"
INE961O01016,Rainbow Childrens Medicare Ltd.,RAINBOW,"=GOOGLEFINANCE(""nse:RAINBOW"",""PRICE"")"
INE343B01030,Rajesh Exports Ltd.,RAJESHEXPO,"=GOOGLEFINANCE(""nse:RAJESHEXPO"",""PRICE"")"
INE331A01037,The Ramco Cements Ltd.,RAMCOCEM,"=GOOGLEFINANCE(""nse:RAMCOCEM"",""PRICE"")"
INE703B01027,Ratnamani Metals & Tubes Ltd.,RATNAMANI,"=GOOGLEFINANCE(""nse:RATNAMANI"",""PRICE"")"
INE301A01014,Raymond Ltd.,RAYMOND,"=GOOGLEFINANCE(""nse:RAYMOND"",""PRICE"")"
INE07T201019,Restaurant Brands Asia Ltd.,RBA,"=GOOGLEFINANCE(""nse:RBA"",""PRICE"")"
INE976G01028,RBL Bank Ltd.,RBLBANK,"=GOOGLEFINANCE(""nse:RBLBANK"",""PRICE"")"
INE027A01015,Rashtriya Chemicals & Fertilizers Ltd.,RCF,"=GOOGLEFINANCE(""nse:RCF"",""PRICE"")"
INE020B01018,REC Ltd.,RECLTD,"=GOOGLEFINANCE(""nse:RECLTD"",""PRICE"")"
INE891D01026,Redington Ltd.,REDINGTON,"=GOOGLEFINANCE(""nse:REDINGTON"",""PRICE"")"
INE002A01018,Reliance Industries Ltd.,RELIANCE,"=GOOGLEFINANCE(""nse:RELIANCE"",""PRICE"")"
INE087H01022,Shree Renuka Sugars Ltd.,RENUKA,"=GOOGLEFINANCE(""nse:RENUKA"",""PRICE"")"
INE743M01012,RHI MAGNESITA INDIA LTD.,RHIM,"=GOOGLEFINANCE(""nse:RHIM"",""PRICE"")"
INE320J01015,RITES Ltd.,RITES,"=GOOGLEFINANCE(""nse:RITES"",""PRICE"")"
INE399G01023,Ramkrishna Forgings Ltd.,RKFORGE,"=GOOGLEFINANCE(""nse:RKFORGE"",""PRICE"")"
INE450U01017,Route Mobile Ltd.,ROUTE,"=GOOGLEFINANCE(""nse:ROUTE"",""PRICE"")"
INE777K01022,R R Kabel Ltd.,RRKABEL,"=GOOGLEFINANCE(""nse:RRKABEL"",""PRICE"")"
INE834M01019,RattanIndia Enterprises Ltd.,RTNINDIA,"=GOOGLEFINANCE(""nse:RTNINDIA"",""PRICE"")"
INE415G01027,Rail Vikas Nigam Ltd.,RVNL,"=GOOGLEFINANCE(""nse:RVNL"",""PRICE"")"
INE429E01023,Safari Industries (India) Ltd.,SAFARI,"=GOOGLEFINANCE(""nse:SAFARI"",""PRICE"")"
INE114A01011,Steel Authority of India Ltd.,SAIL,"=GOOGLEFINANCE(""nse:SAIL"",""PRICE"")"
INE058A01010,Sanofi India Ltd.,SANOFI,"=GOOGLEFINANCE(""nse:SANOFI"",""PRICE"")"
INE806T01012,Sapphire Foods India Ltd.,SAPPHIRE,"=GOOGLEFINANCE(""nse:SAPPHIRE"",""PRICE"")"
INE979A01025,Saregama India Ltd,SAREGAMA,"=GOOGLEFINANCE(""nse:SAREGAMA"",""PRICE"")"
INE423Y01016,SBFC Finance Ltd.,SBFC,"=GOOGLEFINANCE(""nse:SBFC"",""PRICE"")"
INE018E01016,SBI Cards and Payment Services Ltd.,SBICARD,"=GOOGLEFINANCE(""nse:SBICARD"",""PRICE"")"
INE123W01016,SBI Life Insurance Company Ltd.,SBILIFE,"=GOOGLEFINANCE(""nse:SBILIFE"",""PRICE"")"
INE062A01020,State Bank of India,SBIN,"=GOOGLEFINANCE(""nse:SBIN"",""PRICE"")"
INE513A01022,Schaeffler India Ltd.,SCHAEFFLER,"=GOOGLEFINANCE(""nse:SCHAEFFLER"",""PRICE"")"
INE839M01018,Schneider Electric Infrastructure Ltd.,SCHNEIDER,"=GOOGLEFINANCE(""nse:SCHNEIDER"",""PRICE"")"
INE070A01015,Shree Cement Ltd.,SHREECEM,"=GOOGLEFINANCE(""nse:SHREECEM"",""PRICE"")"
INE721A01013,Shriram Finance Ltd.,SHRIRAMFIN,"=GOOGLEFINANCE(""nse:SHRIRAMFIN"",""PRICE"")"
INE810G01011,Shyam Metalics and Energy Ltd.,SHYAMMETL,"=GOOGLEFINANCE(""nse:SHYAMMETL"",""PRICE"")"
INE003A01024,Siemens Ltd.,SIEMENS,"=GOOGLEFINANCE(""nse:SIEMENS"",""PRICE"")"
INE903U01023,Signatureglobal (India) Ltd.,SIGNATURE,"=GOOGLEFINANCE(""nse:SIGNATURE"",""PRICE"")"
INE002L01015,SJVN Ltd.,SJVN,"=GOOGLEFINANCE(""nse:SJVN"",""PRICE"")"
INE640A01023,SKF India Ltd.,SKFINDIA,"=GOOGLEFINANCE(""nse:SKFINDIA"",""PRICE"")"
INE671H01015,Sobha Ltd.,SOBHA,"=GOOGLEFINANCE(""nse:SOBHA"",""PRICE"")"
INE343H01029,Solar Industries India Ltd.,SOLARINDS,"=GOOGLEFINANCE(""nse:SOLARINDS"",""PRICE"")"
INE073K01018,Sona BLW Precision Forgings Ltd.,SONACOMS,"=GOOGLEFINANCE(""nse:SONACOMS"",""PRICE"")"
INE269A01021,Sonata Software Ltd.,SONATSOFTW,"=GOOGLEFINANCE(""nse:SONATSOFTW"",""PRICE"")"
INE232I01014,Sun Pharma Advanced Research Company Ltd.,SPARC,"=GOOGLEFINANCE(""nse:SPARC"",""PRICE"")"
INE647A01010,SRF Ltd.,SRF,"=GOOGLEFINANCE(""nse:SRF"",""PRICE"")"
INE575P01011,Star Health and Allied Insurance Company Ltd.,STARHEALTH,"=GOOGLEFINANCE(""nse:STARHEALTH"",""PRICE"")"
INE089C01029,Sterlite Technologies Ltd.,STLTECH,"=GOOGLEFINANCE(""nse:STLTECH"",""PRICE"")"
INE258G01013,Sumitomo Chemical India Ltd.,SUMICHEM,"=GOOGLEFINANCE(""nse:SUMICHEM"",""PRICE"")"
INE660A01013,Sundaram Finance Ltd.,SUNDARMFIN,"=GOOGLEFINANCE(""nse:SUNDARMFIN"",""PRICE"")"
INE387A01021,Sundram Fasteners Ltd.,SUNDRMFAST,"=GOOGLEFINANCE(""nse:SUNDRMFAST"",""PRICE"")"
INE044A01036,Sun Pharmaceutical Industries Ltd.,SUNPHARMA,"=GOOGLEFINANCE(""nse:SUNPHARMA"",""PRICE"")"
INE805D01034,Sunteck Realty Ltd.,SUNTECK,"=GOOGLEFINANCE(""nse:SUNTECK"",""PRICE"")"
INE424H01027,Sun TV Network Ltd.,SUNTV,"=GOOGLEFINANCE(""nse:SUNTV"",""PRICE"")"
INE195A01028,Supreme Industries Ltd.,SUPREMEIND,"=GOOGLEFINANCE(""nse:SUPREMEIND"",""PRICE"")"
INE03QK01018,Suven Pharmaceuticals Ltd.,SUVENPHAR,"=GOOGLEFINANCE(""nse:SUVENPHAR"",""PRICE"")"
INE040H01021,Suzlon Energy Ltd.,SUZLON,"=GOOGLEFINANCE(""nse:SUZLON"",""PRICE"")"
INE665A01038,Swan Energy Ltd.,SWANENERGY,"=GOOGLEFINANCE(""nse:SWANENERGY"",""PRICE"")"
INE00M201021,Sterling and Wilson Renewable Energy Ltd.,SWSOLAR,"=GOOGLEFINANCE(""nse:SWSOLAR"",""PRICE"")"
ISIN Code,Company Name,Symbol,"=GOOGLEFINANCE(""nse:Symbol"",""PRICE"")"
INE398R01022,Syngene International Ltd.,SYNGENE,"=GOOGLEFINANCE(""nse:SYNGENE"",""PRICE"")"
INE0DYJ01015,Syrma SGS Technology Ltd.,SYRMA,"=GOOGLEFINANCE(""nse:SYRMA"",""PRICE"")"
INE483C01032,Tanla Platforms Ltd.,TANLA,"=GOOGLEFINANCE(""nse:TANLA"",""PRICE"")"
INE092A01019,Tata Chemicals Ltd.,TATACHEM,"=GOOGLEFINANCE(""nse:TATACHEM"",""PRICE"")"
INE151A01013,Tata Communications Ltd.,TATACOMM,"=GOOGLEFINANCE(""nse:TATACOMM"",""PRICE"")"
INE192A01025,Tata Consumer Products Ltd.,TATACONSUM,"=GOOGLEFINANCE(""nse:TATACONSUM"",""PRICE"")"
INE670A01012,Tata Elxsi Ltd.,TATAELXSI,"=GOOGLEFINANCE(""nse:TATAELXSI"",""PRICE"")"
INE672A01018,Tata Investment Corporation Ltd.,TATAINVEST,"=GOOGLEFINANCE(""nse:TATAINVEST"",""PRICE"")"
INE155A01022,Tata Motors Ltd.,TATAMOTORS,"=GOOGLEFINANCE(""nse:TATAMOTORS"",""PRICE"")"
IN9155A01020,Tata Motors Ltd DVR,TATAMTRDVR,"=GOOGLEFINANCE(""nse:TATAMTRDVR"",""PRICE"")"
INE245A01021,Tata Power Co. Ltd.,TATAPOWER,"=GOOGLEFINANCE(""nse:TATAPOWER"",""PRICE"")"
INE081A01020,Tata Steel Ltd.,TATASTEEL,"=GOOGLEFINANCE(""nse:TATASTEEL"",""PRICE"")"
INE142M01025,Tata Technologies Ltd.,TATATECH,"=GOOGLEFINANCE(""nse:TATATECH"",""PRICE"")"
INE467B01029,Tata Consultancy Services Ltd.,TCS,"=GOOGLEFINANCE(""nse:TCS"",""PRICE"")"
INE669C01036,Tech Mahindra Ltd.,TECHM,"=GOOGLEFINANCE(""nse:TECHM"",""PRICE"")"
INE010J01012,Tejas Networks Ltd.,TEJASNET,"=GOOGLEFINANCE(""nse:TEJASNET"",""PRICE"")"
INE152A01029,Thermax Ltd.,THERMAX,"=GOOGLEFINANCE(""nse:THERMAX"",""PRICE"")"
INE974X01010,Tube Investments of India Ltd.,TIINDIA,"=GOOGLEFINANCE(""nse:TIINDIA"",""PRICE"")"
INE325A01013,Timken India Ltd.,TIMKEN,"=GOOGLEFINANCE(""nse:TIMKEN"",""PRICE"")"
INE615H01020,Titagarh Rail Systems Ltd.,TITAGARH,"=GOOGLEFINANCE(""nse:TITAGARH"",""PRICE"")"
INE280A01028,Titan Company Ltd.,TITAN,"=GOOGLEFINANCE(""nse:TITAN"",""PRICE"")"
INE668A01016,Tamilnad Mercantile Bank Ltd.,TMB,"=GOOGLEFINANCE(""nse:TMB"",""PRICE"")"
INE685A01028,Torrent Pharmaceuticals Ltd.,TORNTPHARM,"=GOOGLEFINANCE(""nse:TORNTPHARM"",""PRICE"")"
INE813H01021,Torrent Power Ltd.,TORNTPOWER,"=GOOGLEFINANCE(""nse:TORNTPOWER"",""PRICE"")"
INE849A01020,Trent Ltd.,TRENT,"=GOOGLEFINANCE(""nse:TRENT"",""PRICE"")"
INE064C01022,Trident Ltd.,TRIDENT,"=GOOGLEFINANCE(""nse:TRIDENT"",""PRICE"")"
INE152M01016,Triveni Turbine Ltd.,TRITURBINE,"=GOOGLEFINANCE(""nse:TRITURBINE"",""PRICE"")"
INE256C01024,Triveni Engineering & Industries Ltd.,TRIVENI,"=GOOGLEFINANCE(""nse:TRIVENI"",""PRICE"")"
INE517B01013,Tata Teleservices (Maharashtra) Ltd.,TTML,"=GOOGLEFINANCE(""nse:TTML"",""PRICE"")"
INE886H01027,TV18 Broadcast Ltd.,TV18BRDCST,"=GOOGLEFINANCE(""nse:TV18BRDCST"",""PRICE"")"
INE494B01023,TVS Motor Company Ltd.,TVSMOTOR,"=GOOGLEFINANCE(""nse:TVSMOTOR"",""PRICE"")"
INE395N01027,TVS Supply Chain Solutions Ltd.,TVSSCS,"=GOOGLEFINANCE(""nse:TVSSCS"",""PRICE"")"
INE686F01025,United Breweries Ltd.,UBL,"=GOOGLEFINANCE(""nse:UBL"",""PRICE"")"
INE691A01018,UCO Bank,UCOBANK,"=GOOGLEFINANCE(""nse:UCOBANK"",""PRICE"")"
INE551W01018,Ujjivan Small Finance Bank Ltd.,UJJIVANSFB,"=GOOGLEFINANCE(""nse:UJJIVANSFB"",""PRICE"")"
INE481G01011,UltraTech Cement Ltd.,ULTRACEMCO,"=GOOGLEFINANCE(""nse:ULTRACEMCO"",""PRICE"")"
INE692A01016,Union Bank of India,UNIONBANK,"=GOOGLEFINANCE(""nse:UNIONBANK"",""PRICE"")"
INE405E01023,UNO Minda Ltd.,UNOMINDA,"=GOOGLEFINANCE(""nse:UNOMINDA"",""PRICE"")"
INE628A01036,UPL Ltd.,UPL,"=GOOGLEFINANCE(""nse:UPL"",""PRICE"")"
INE228A01035,Usha Martin Ltd.,USHAMART,"=GOOGLEFINANCE(""nse:USHAMART"",""PRICE"")"
INE094J01016,UTI Asset Management Company Ltd.,UTIAMC,"=GOOGLEFINANCE(""nse:UTIAMC"",""PRICE"")"
INE884A01027,Vaibhav Global Ltd.,VAIBHAVGBL,"=GOOGLEFINANCE(""nse:VAIBHAVGBL"",""PRICE"")"
INE665L01035,Varroc Engineering Ltd.,VARROC,"=GOOGLEFINANCE(""nse:VARROC"",""PRICE"")"
INE200M01021,Varun Beverages Ltd.,VBL,"=GOOGLEFINANCE(""nse:VBL"",""PRICE"")"
INE205A01025,Vedanta Ltd.,VEDL,"=GOOGLEFINANCE(""nse:VEDL"",""PRICE"")"
INE951I01027,V-Guard Industries Ltd.,VGUARD,"=GOOGLEFINANCE(""nse:VGUARD"",""PRICE"")"
INE043W01024,Vijaya Diagnostic Centre Ltd.,VIJAYA,"=GOOGLEFINANCE(""nse:VIJAYA"",""PRICE"")"
INE054A01027,V.I.P. Industries Ltd.,VIPIND,"=GOOGLEFINANCE(""nse:VIPIND"",""PRICE"")"
INE226A01021,Voltas Ltd.,VOLTAS,"=GOOGLEFINANCE(""nse:VOLTAS"",""PRICE"")"
INE825A01020,Vardhman Textiles Ltd.,VTL,"=GOOGLEFINANCE(""nse:VTL"",""PRICE"")"
INE191B01025,Welspun Corp Ltd.,WELCORP,"=GOOGLEFINANCE(""nse:WELCORP"",""PRICE"")"
INE192B01031,Welspun Living Ltd.,WELSPUNLIV,"=GOOGLEFINANCE(""nse:WELSPUNLIV"",""PRICE"")"
INE274F01020,Westlife Foodworld Ltd.,WESTLIFE,"=GOOGLEFINANCE(""nse:WESTLIFE"",""PRICE"")"
INE716A01013,Whirlpool of India Ltd.,WHIRLPOOL,"=GOOGLEFINANCE(""nse:WHIRLPOOL"",""PRICE"")"
INE075A01022,Wipro Ltd.,WIPRO,"=GOOGLEFINANCE(""nse:WIPRO"",""PRICE"")"
INE528G01035,Yes Bank Ltd.,YESBANK,"=GOOGLEFINANCE(""nse:YESBANK"",""PRICE"")"
INE256A01028,Zee Entertainment Enterprises Ltd.,ZEEL,"=GOOGLEFINANCE(""nse:ZEEL"",""PRICE"")"
INE520A01027,Zensar Technolgies Ltd.,ZENSARTECH,"=GOOGLEFINANCE(""nse:ZENSARTECH"",""PRICE"")"
INE342J01019,ZF Commercial Vehicle Control Systems India Ltd.,ZFCVINDIA,"=GOOGLEFINANCE(""nse:ZFCVINDIA"",""PRICE"")"
INE758T01015,Zomato Ltd.,ZOMATO,"=GOOGLEFINANCE(""nse:ZOMATO"",""PRICE"")"
INE010B01027,Zydus Lifesciences Ltd.,ZYDUSLIFE,"=GOOGLEFINANCE(""nse:ZYDUSLIFE"",""PRICE"")"
