INIS,COMPANY,SYMBOL
INE466L01038,360 ONE WAM Ltd.,360ONE
INE470A01017,3M India Ltd.,3MINDIA
INE769A01020,Aarti Industries Ltd.,AARTIIND
INE216P01012,Aavas Financiers Ltd.,AAVAS
INE117A01022,ABB India Ltd.,ABB
INE358A01014,Abbott India Ltd.,ABBOTINDIA
INE674K01013,Aditya Birla Capital Ltd.,ABCAPITAL
INE647O01011,Aditya Birla Fashion and Retail Ltd.,ABFRL
INE012A01025,ACC Ltd.,ACC
INE731H01025,Action Construction Equipment Ltd.,ACE
INE128X01021,Archean Chemical Industries Ltd.,ACI
INE931S01010,Adani Energy Solutions Ltd.,ADANIENSOL
INE423A01024,Adani Enterprises Ltd.,ADANIENT
INE364U01010,Adani Green Energy Ltd.,ADANIGREEN
INE742F01042,Adani Ports and Special Economic Zone Ltd.,ADANIPORTS
INE814H01011,Adani Power Ltd.,ADANIPOWER
INE208C01025,Aegis Logistics Ltd.,AEGISCHEM
INE0BWX01014,Aether Industries Ltd.,AETHER
INE00WC01027,Affle (India) Ltd.,AFFLE
INE212H01026,AIA Engineering Ltd.,AIAENG
INE031B01049,Ajanta Pharmaceuticals Ltd.,AJANTPHARM
INE540L01014,Alkem Laboratories Ltd.,ALKEM
INE150B01039,Alkyl Amines Chemicals Ltd.,ALKYLAMINE
INE418H01029,Allcargo Logistics Ltd.,ALLCARGO
INE270A01029,Alok Industries Ltd.,ALOKINDS
INE371P01015,Amber Enterprises India Ltd.,AMBER
INE079A01024,Ambuja Cements Ltd.,AMBUJACEM
INE463V01026,Anand Rathi Wealth Ltd.,ANANDRATHI
INE732I01013,Angel One Ltd.,ANGELONE
INE930P01018,Anupam Rasayan India Ltd.,ANURAS
INE372A01015,Apar Industries Ltd.,APARINDS
INE702C01027,APL Apollo Tubes Ltd.,APLAPOLLO
INE901L01018,Alembic Pharmaceuticals Ltd.,APLLTD
INE437A01024,Apollo Hospitals Enterprise Ltd.,APOLLOHOSP
INE438A01022,Apollo Tyres Ltd.,APOLLOTYRE
INE852O01025,Aptus Value Housing Finance India Ltd.,APTUS
INE885A01032,Amara Raja Energy & Mobility Ltd.,ARE&M
INE439A01020,Asahi India Glass Ltd.,ASAHIINDIA
INE208A01029,Ashok Leyland Ltd.,ASHOKLEY
INE021A01026,Asian Paints Ltd.,ASIANPAINT
INE914M01019,Aster DM Healthcare Ltd.,ASTERDM
INE006I01046,Astral Ltd.,ASTRAL
INE203A01020,AstraZenca Pharma India Ltd.,ASTRAZEN
INE399L01023,Adani Total Gas Ltd.,ATGL
INE100A01010,Atul Ltd.,ATUL
INE949L01017,AU Small Finance Bank Ltd.,AUBANK
INE406A01037,Aurobindo Pharma Ltd.,AUROPHARMA
INE871C01038,Avanti Feeds Ltd.,AVANTIFEED
INE699H01024,Adani Wilmar Ltd.,AWL
INE238A01034,Axis Bank Ltd.,AXISBANK
INE917I01010,Bajaj Auto Ltd.,BAJAJ-AUTO
INE918I01026,Bajaj Finserv Ltd.,BAJAJFINSV
INE118A01012,Bajaj Holdings & Investment Ltd.,BAJAJHLDNG
INE296A01024,Bajaj Finance Ltd.,BAJFINANCE
INE050E01027,Balaji Amines Ltd.,BALAMINES
INE787D01026,Balkrishna Industries Ltd.,BALKRISIND
INE119A01028,Balrampur Chini Mills Ltd.,BALRAMCHIN
INE545U01014,Bandhan Bank Ltd.,BANDHANBNK
INE028A01039,Bank of Baroda,BANKBARODA
INE084A01016,Bank of India,BANKINDIA
INE176A01028,Bata India Ltd.,BATAINDIA
INE462A01022,Bayer Cropscience Ltd.,BAYERCROP
INE050A01025,Bombay Burmah Trading Corporation Ltd.,BBTC
INE171Z01018,Bharat Dynamics Ltd.,BDL
INE263A01024,Bharat Electronics Ltd.,BEL
INE258A01016,BEML Ltd.,BEML
INE463A01038,Berger Paints India Ltd.,BERGEPAINT
INE465A01025,Bharat Forge Ltd.,BHARATFORG
INE397D01024,Bharti Airtel Ltd.,BHARTIARTL
INE257A01026,Bharat Heavy Electricals Ltd.,BHEL
INE00E101023,Bikaji Foods International Ltd.,BIKAJI
INE376G01013,Biocon Ltd.,BIOCON
INE340A01012,Birla Corporation Ltd.,BIRLACORPN
INE153T01027,BLS International Services Ltd.,BLS
INE233B01017,Blue Dart Express Ltd.,BLUEDART
INE472A01039,Blue Star Ltd.,BLUESTARCO
INE666D01022,Borosil Renewables Ltd.,BORORENEW
INE323A01026,Bosch Ltd.,BOSCHLTD
INE029A01011,Bharat Petroleum Corporation Ltd.,BPCL
INE791I01019,Brigade Enterprises Ltd.,BRIGADE
INE216A01030,Britannia Industries Ltd.,BRITANNIA
INE118H01025,BSE Ltd.,BSE
INE836A01035,Birlasoft Ltd.,BSOFT
INE278Y01022,Campus Activewear Ltd.,CAMPUS
INE596I01012,Computer Age Management Services Ltd.,CAMS
INE476A01022,Canara Bank,CANBK
INE477A01020,Can Fin Homes Ltd.,CANFINHOME
INE475E01026,Caplin Point Laboratories Ltd.,CAPLIPOINT
INE120A01034,Carborundum Universal Ltd.,CARBORUNIV
INE172A01027,Castrol India Ltd.,CASTROLIND
INE421D01022,CCL Products (I) Ltd.,CCL
INE736A01011,Central Depository Services (India) Ltd.,CDSL
INE482A01020,Ceat Ltd.,CEATLTD
INE0LMW01024,Cello World Ltd.,CELLO
INE483A01010,Central Bank of India,CENTRALBK
INE348B01021,Century Plyboards (India) Ltd.,CENTURYPLY
INE055A01016,Century Textile & Industries Ltd.,CENTURYTEX
INE739E01017,Cera Sanitaryware Ltd,CERA
INE486A01021,CESC Ltd.,CESC
INE180C01042,Capri Global Capital Ltd.,CGCL
INE067A01029,CG Power and Industrial Solutions Ltd.,CGPOWER
INE427F01016,Chalet Hotels Ltd.,CHALET
INE085A01013,Chambal Fertilizers & Chemicals Ltd.,CHAMBLFERT
INE488A01050,Chemplast Sanmar Ltd.,CHEMPLASTS
INE178A01016,Chennai Petroleum Corporation Ltd.,CHENNPETRO
INE121A01024,Cholamandalam Investment and Finance Company Ltd.,CHOLAFIN
INE149A01033,Cholamandalam Financial Holdings Ltd.,CHOLAHLDNG
INE536H01010,CIE Automotive India Ltd.,CIEINDIA
INE059A01026,Cipla Ltd.,CIPLA
INE227W01023,Clean Science and Technology Ltd.,CLEAN
INE522F01014,Coal India Ltd.,COALINDIA
INE704P01025,Cochin Shipyard Ltd.,COCHINSHIP
INE591G01017,Coforge Ltd.,COFORGE
INE259A01022,Colgate Palmolive (India) Ltd.,COLPAL
INE111A01025,Container Corporation of India Ltd.,CONCOR
INE338H01029,Concord Biotech Ltd.,CONCORDBIO
INE169A01031,Coromandel International Ltd.,COROMANDEL
INE00LO01017,Craftsman Automation Ltd.,CRAFTSMAN
INE741K01010,CreditAccess Grameen Ltd.,CREDITACC
INE007A01025,CRISIL Ltd.,CRISIL
INE299U01018,Crompton Greaves Consumer Electricals Ltd.,CROMPTON
INE679A01013,CSB Bank Ltd.,CSBBANK
INE491A01021,City Union Bank Ltd.,CUB
INE298A01020,Cummins India Ltd.,CUMMINSIND
INE136B01020,Cyient Ltd.,CYIENT
INE016A01026,Dabur India Ltd.,DABUR
INE00R701025,Dalmia Bharat Ltd.,DALBHARAT
INE0IX101010,Data Patterns (India) Ltd.,DATAPATTNS
INE499A01024,DCM Shriram Ltd.,DCMSHRIRAM
INE501A01019,Deepak Fertilisers & Petrochemicals Corp. Ltd.,DEEPAKFERT
INE288B01029,Deepak Nitrite Ltd.,DEEPAKNTR
INE148O01028,Delhivery Ltd.,DELHIVERY
INE872J01023,Devyani International Ltd.,DEVYANI
INE361B01024,Divi's Laboratories Ltd.,DIVISLAB
INE935N01020,Dixon Technologies (India) Ltd.,DIXON
INE271C01023,DLF Ltd.,DLF
INE192R01011,Avenue Supermarts Ltd.,DMART
INE321T01012,DOMS Industries Ltd.,DOMS
INE089A01023,Dr. Reddy's Laboratories Ltd.,DRREDDY
INE07O001026,Easy Trip Planners Ltd.,EASEMYTRIP
INE738I01010,eClerx Services Ltd.,ECLERX
INE066A01021,Eicher Motors Ltd.,EICHERMOT
INE126A01031,E.I.D. Parry (India) Ltd.,EIDPARRY
INE230A01023,EIH Ltd.,EIHOTEL
INE205B01023,Elecon Engineering Co. Ltd.,ELECON
INE285A01027,Elgi Equipments Ltd.,ELGIEQUIP
INE548C01032,Emami Ltd.,EMAMILTD
INE913H01037,Endurance Technologies Ltd.,ENDURANCE
INE510A01028,Engineers India Ltd.,ENGINERSIN
INE255A01020,EPL Ltd.,EPL
INE063P01018,Equitas Small Finance Bank Ltd.,EQUITASBNK
INE406M01024,Eris Lifesciences Ltd.,ERIS
INE042A01014,Escorts Kubota Ltd.,ESCORTS
INE302A01020,Exide Industries Ltd.,EXIDEIND
INE188A01015,Fertilisers and Chemicals Travancore Ltd.,FACT
INE258B01022,FDC Ltd.,FDC
INE171A01029,Federal Bank Ltd.,FEDERALBNK
INE235A01022,Finolex Cables Ltd.,FINCABLES
INE686Y01026,Fine Organic Industries Ltd.,FINEORG
INE183A01024,Finolex Industries Ltd.,FINPIPE
INE128S01021,Five-Star Business Finance Ltd.,FIVESTAR
INE09N301011,Gujarat Fluorochemicals Ltd.,FLUOROCHEM
INE061F01013,Fortis Healthcare Ltd.,FORTIS
INE684F01012,Firstsource Solutions Ltd.,FSL
INE036B01030,Gujarat Ambuja Exports Ltd.,GAEL
INE129A01019,GAIL (India) Ltd.,GAIL
INE017A01032,Great Eastern Shipping Co. Ltd.,GESHIP
INE481Y01014,General Insurance Corporation of India,GICRE
INE322A01010,Gillette India Ltd.,GILLETTE
INE068V01023,Gland Pharma Ltd.,GLAND
INE159A01016,Glaxosmithkline Pharmaceuticals Ltd.,GLAXO
INE935A01035,Glenmark Pharmaceuticals Ltd.,GLENMARK
INE03Q201024,Glenmark Life Sciences Ltd.,GLS
INE131A01031,Gujarat Mineral Development Corporation Ltd.,GMDCLTD
INE541A01023,GMM Pfaudler Ltd.,GMMPFAUDLR
INE776C01039,GMR Airports Infrastructure Ltd.,GMRINFRA
INE113A01013,Gujarat Narmada Valley Fertilizers and Chemicals Ltd.,GNFC
INE260B01028,Godfrey Phillips India Ltd.,GODFRYPHLP
INE102D01028,Godrej Consumer Products Ltd.,GODREJCP
INE233A01035,Godrej Industries Ltd.,GODREJIND
INE484J01027,Godrej Properties Ltd.,GODREJPROP
INE177H01021,Godawari Power & Ispat Ltd.,GPIL
INE517F01014,Gujarat Pipavav Port Ltd.,GPPL
INE101D01020,Granules India Ltd.,GRANULES
INE371A01025,Graphite India Ltd.,GRAPHITE
INE047A01021,Grasim Industries Ltd.,GRASIM
INE536A01023,Grindwell Norton Ltd.,GRINDWELL
INE382Z01011,Garden Reach Shipbuilders & Engineers Ltd.,GRSE
INE026A01025,Gujarat State Fertilizers & Chemicals Ltd.,GSFC
INE246F01010,Gujarat State Petronet Ltd.,GSPL
INE844O01030,Gujarat Gas Ltd.,GUJGASLTD
INE066F01020,Hindustan Aeronautics Ltd.,HAL
INE419U01012,Happiest Minds Technologies Ltd.,HAPPSTMNDS
INE330T01021,Happy Forgings Ltd.,HAPPYFORGE
INE176B01034,Havells India Ltd.,HAVELLS
INE292B01021,HBL Power Systems Ltd.,HBLPOWER
INE860A01027,HCL Technologies Ltd.,HCLTECH
INE127D01025,HDFC Asset Management Company Ltd.,HDFCAMC
INE040A01034,HDFC Bank Ltd.,HDFCBANK
INE795G01014,HDFC Life Insurance Company Ltd.,HDFCLIFE
INE545A01016,H.E.G. Ltd.,HEG
INE158A01026,Hero MotoCorp Ltd.,HEROMOTOCO
INE548A01028,HFCL Ltd.,HFCL
INE038A01020,Hindalco Industries Ltd.,HINDALCO
INE531E01026,Hindustan Copper Ltd.,HINDCOPPER
INE094A01015,Hindustan Petroleum Corporation Ltd.,HINDPETRO
INE030A01027,Hindustan Unilever Ltd.,HINDUNILVR
INE267A01025,Hindustan Zinc Ltd.,HINDZINC
INE481N01025,Home First Finance Company India Ltd.,HOMEFIRST
INE0J5401028,Honasa Consumer Ltd.,HONASA
INE671A01010,Honeywell Automation India Ltd.,HONAUT
INE019C01026,Himadri Speciality Chemical Ltd.,HSCL
INE031A01017,Housing & Urban Development Corporation Ltd.,HUDCO
INE148I01020,Indiabulls Housing Finance Ltd.,IBULHSGFIN
INE090A01021,ICICI Bank Ltd.,ICICIBANK
INE765G01017,ICICI Lombard General Insurance Company Ltd.,ICICIGI
INE726G01019,ICICI Prudential Life Insurance Company Ltd.,ICICIPRULI
INE008A01015,IDBI Bank Ltd.,IDBI
INE669E01016,Vodafone Idea Ltd.,IDEA
INE043D01016,IDFC Ltd.,IDFC
INE092T01019,IDFC First Bank Ltd.,IDFCFIRSTB
INE022Q01020,Indian Energy Exchange Ltd.,IEX
INE203G01027,Indraprastha Gas Ltd.,IGL
INE530B01024,IIFL Finance Ltd.,IIFL
INE053A01029,Indian Hotels Co. Ltd.,INDHOTEL
INE383A01012,India Cements Ltd.,INDIACEM
INE933S01016,Indiamart Intermesh Ltd.,INDIAMART
INE562A01011,Indian Bank,INDIANB
INE646L01027,InterGlobe Aviation Ltd.,INDIGO
INE09VQ01012,Indigo Paints Ltd.,INDIGOPNTS
INE095A01012,IndusInd Bank Ltd.,INDUSINDBK
INE121J01017,Indus Towers Ltd.,INDUSTOWER
INE009A01021,Infosys Ltd.,INFY
INE066P01011,Inox Wind Ltd.,INOXWIND
INE306R01017,Intellect Design Arena Ltd.,INTELLECT
INE565A01014,Indian Overseas Bank,IOB
INE242A01010,Indian Oil Corporation Ltd.,IOC
INE571A01038,Ipca Laboratories Ltd.,IPCALAB
INE821I01022,IRB Infrastructure Developers Ltd.,IRB
INE962Y01021,IRCON International Ltd.,IRCON
INE335Y01020,Indian Railway Catering And Tourism Corporation Ltd.,IRCTC
INE053F01010,Indian Railway Finance Corporation Ltd.,IRFC
INE763G01038,ICICI Securities Ltd.,ISEC
INE154A01025,ITC Ltd.,ITC
INE248A01017,ITI Ltd.,ITI
INE168A01041,Jammu & Kashmir Bank Ltd.,J&KBANK
INE091G01018,Jai Balaji Industries Ltd.,JAIBALAJI
INE572A01036,J.B. Chemicals & Pharmaceuticals Ltd.,JBCHEPHARM
INE927D01044,JBM Auto Ltd.,JBMA
INE324A01024,Jindal Saw Ltd.,JINDALSAW
INE749A01030,Jindal Steel & Power Ltd.,JINDALSTEL
INE758E01017,Jio Financial Services Ltd.,JIOFIN
INE823G01014,J.K. Cement Ltd.,JKCEMENT
INE786A01032,JK Lakshmi Cement Ltd.,JKLAKSHMI
INE789E01012,JK Paper Ltd.,JKPAPER
INE780C01023,JM Financial Ltd.,JMFINANCIL
INE220G01021,Jindal Stainless Ltd.,JSL
INE121E01018,JSW Energy Ltd.,JSWENERGY
INE880J01026,JSW Infrastructure Ltd.,JSWINFRA
INE019A01038,JSW Steel Ltd.,JSWSTEEL
INE797F01020,Jubilant Foodworks Ltd.,JUBLFOOD
INE0BY001018,Jubilant Ingrevia Ltd.,JUBLINGREA
INE700A01033,Jubilant Pharmova Ltd.,JUBLPHARMA
INE599M01018,Justdial Ltd.,JUSTDIAL
INE209L01016,Jupiter Wagons Ltd.,JWL
INE668F01031,Jyothy Labs Ltd.,JYOTHYLAB
INE217B01036,Kajaria Ceramics Ltd.,KAJARIACER
INE303R01014,Kalyan Jewellers India Ltd.,KALYANKJIL
INE531A01024,Kansai Nerolac Paints Ltd.,KANSAINER
INE036D01028,Karur Vysya Bank Ltd.,KARURVYSYA
INE918Z01012,Kaynes Technology India Ltd.,KAYNES
INE389H01022,Kec International Ltd.,KEC
INE878B01027,KEI Industries Ltd.,KEI
INE138Y01010,Kfin Technologies Ltd.,KFINTECH
INE967H01017,Krishna Institute of Medical Sciences Ltd.,KIMS
INE634I01029,KNR Constructions Ltd.,KNRCON
INE237A01028,Kotak Mahindra Bank Ltd.,KOTAKBANK
INE220B01022,Kalpataru Projects International Ltd.,KPIL
INE04I401011,KPIT Technologies Ltd.,KPITTECH
INE930H01031,K.P.R. Mill Ltd.,KPRMILL
INE001B01026,KRBL Ltd.,KRBL
INE999A01015,KSB Ltd.,KSB
INE600L01024,Dr. Lal Path Labs Ltd.,LALPATHLAB
INE0I7C01011,Latent View Analytics Ltd.,LATENTVIEW
INE947Q01028,Laurus Labs Ltd.,LAURUSLABS
INE970X01018,Lemon Tree Hotels Ltd.,LEMONTREE
INE115A01026,LIC Housing Finance Ltd.,LICHSGFIN
INE0J1Y01017,Life Insurance Corporation of India,LICI
INE473A01011,Linde India Ltd.,LINDEINDIA
INE281B01032,Lloyds Metals And Energy Ltd.,LLOYDSME
INE670K01029,Macrotech Developers Ltd.,LODHA
INE018A01030,Larsen & Toubro Ltd.,LT
INE498L01015,L&T Finance Ltd.,LTF
INE214T01019,LTIMindtree Ltd.,LTIM
INE010V01017,L&T Technology Services Ltd.,LTTS
INE326A01037,Lupin Ltd.,LUPIN
INE576O01020,Laxmi Organic Industries Ltd.,LXCHEM
INE101A01026,Mahindra & Mahindra Ltd.,M&M
INE774D01024,Mahindra & Mahindra Financial Services Ltd.,M&MFIN
INE457A01014,Bank of Maharashtra,MAHABANK
INE813A01018,Mahindra Lifespace Developers Ltd.,MAHLIFE
INE271B01025,Maharashtra Seamless Ltd.,MAHSEAMLES
INE522D01027,Manappuram Finance Ltd.,MANAPPURAM
INE634S01028,Mankind Pharma Ltd.,MANKIND
INE825V01034,Vedant Fashions Ltd.,MANYAVAR
INE0BV301023,C.E. Info Systems Ltd.,MAPMYINDIA
INE196A01026,Marico Ltd.,MARICO
INE585B01010,Maruti Suzuki India Ltd.,MARUTI
INE759A01021,Mastek Ltd.,MASTEK
INE027H01010,Max Healthcare Institute Ltd.,MAXHEALTH
INE249Z01012,Mazagoan Dock Shipbuilders Ltd.,MAZDOCK
INE854D01024,United Spirits Ltd.,MCDOWELL-N
INE745G01035,Multi Commodity Exchange of India Ltd.,MCX
INE474Q01031,Global Health Ltd.,MEDANTA
INE804L01022,Medplus Health Services Ltd.,MEDPLUS
INE317I01021,Metro Brands Ltd.,METROBRAND
INE112L01020,Metropolis Healthcare Ltd.,METROPOLIS
INE180A01020,Max Financial Services Ltd.,MFSL
INE002S01010,Mahanagar Gas Ltd.,MGL
INE998I01010,Mahindra Holidays & Resorts India Ltd.,MHRIL
INE842C01021,Minda Corporation Ltd.,MINDACORP
INE123F01029,MMTC Ltd.,MMTC
INE775A01035,Samvardhana Motherson International Ltd.,MOTHERSON
INE338I01027,Motilal Oswal Financial Services Ltd.,MOTILALOFS
INE356A01018,MphasiS Ltd.,MPHASIS
INE883A01011,MRF Ltd.,MRF
INE103A01014,Mangalore Refinery & Petrochemicals Ltd.,MRPL
INE0FS801015,Motherson Sumi Wiring India Ltd.,MSUMI
INE864I01014,MTAR Technologies Ltd.,MTARTECH
INE414G01012,Muthoot Finance Ltd.,MUTHOOTFIN
INE298J01013,Nippon Life India Asset Management Ltd.,NAM-INDIA
INE987B01026,NATCO Pharma Ltd.,NATCOPHARM
INE139A01034,National Aluminium Co. Ltd.,NATIONALUM
INE663F01024,Info Edge (India) Ltd.,NAUKRI
INE048G01026,Navin Fluorine International Ltd.,NAVINFLUOR
INE095N01031,NBCC (India) Ltd.,NBCC
INE868B01028,NCC Ltd.,NCC
INE239A01024,Nestle India Ltd.,NESTLEIND
INE870H01013,Network18 Media & Investments Ltd.,NETWORK18
INE410P01011,Narayana Hrudayalaya Ltd.,NH
INE848E01016,NHPC Ltd.,NHPC
INE470Y01017,The New India Assurance Company Ltd.,NIACL
INE589A01014,NLC India Ltd.,NLCINDIA
INE584A01023,NMDC Ltd.,NMDC
INE0NNS01018,NMDC Steel Ltd.,NSLNISP
INE733E01010,NTPC Ltd.,NTPC
INE531F01015,Nuvama Wealth Management Ltd.,NUVAMA
INE118D01016,Nuvoco Vistas Corporation Ltd.,NUVOCO
INE388Y01029,FSN E-Commerce Ventures Ltd.,NYKAA
INE093I01010,Oberoi Realty Ltd.,OBEROIRLTY
INE881D01027,Oracle Financial Services Software Ltd.,OFSS
INE274J01014,Oil India Ltd.,OIL
INE260D01016,Olectra Greentech Ltd.,OLECTRA
INE213A01029,Oil & Natural Gas Corporation Ltd.,ONGC
INE761H01022,Page Industries Ltd.,PAGEIND
INE619A01035,Patanjali Foods Ltd.,PATANJALI
INE982J01020,One 97 Communications Ltd.,PAYTM
INE602A01031,PCBL Ltd.,PCBL
INE140A01024,Piramal Enterprises Ltd.,PEL
INE262H01021,Persistent Systems Ltd.,PERSISTENT
INE347G01014,Petronet LNG Ltd.,PETRONET
INE134E01011,Power Finance Corporation Ltd.,PFC
INE179A01014,Procter & Gamble Hygiene & Health Care Ltd.,PGHH
INE211B01039,Phoenix Mills Ltd.,PHOENIXLTD
INE318A01026,Pidilite Industries Ltd.,PIDILITIND
INE603J01030,PI Industries Ltd.,PIIND
INE160A01022,Punjab National Bank,PNB
INE572E01012,PNB Housing Finance Ltd.,PNBHOUSING
INE195J01029,PNC Infratech Ltd.,PNCINFRA
INE417T01026,PB Fintech Ltd.,POLICYBZR
INE455K01017,Polycab India Ltd.,POLYCAB
INE205C01021,Poly Medicure Ltd.,POLYMED
INE511C01022,Poonawalla Fincorp Ltd.,POONAWALLA
INE752E01010,Power Grid Corporation of India Ltd.,POWERGRID
INE07Y701011,Hitachi Energy India Ltd.,POWERINDIA
INE0DK501011,Piramal Pharma Ltd.,PPLPHARMA
INE074A01025,Praj Industries Ltd.,PRAJIND
INE811K01011,Prestige Estates Projects Ltd.,PRESTIGE
INE689W01016,Prince Pipes and Fittings Ltd.,PRINCEPIPE
INE010A01011,Prism Johnson Ltd.,PRSMJOHNSN
INE191H01014,PVR INOX Ltd.,PVRINOX
INE615P01015,Quess Corp Ltd.,QUESS
INE944F01028,Radico Khaitan Ltd,RADICO
INE0DD101019,Railtel Corporation Of India Ltd.,RAILTEL
INE961O01016,Rainbow Childrens Medicare Ltd.,RAINBOW
INE343B01030,Rajesh Exports Ltd.,RAJESHEXPO
INE331A01037,The Ramco Cements Ltd.,RAMCOCEM
INE703B01027,Ratnamani Metals & Tubes Ltd.,RATNAMANI
INE301A01014,Raymond Ltd.,RAYMOND
INE07T201019,Restaurant Brands Asia Ltd.,RBA
INE976G01028,RBL Bank Ltd.,RBLBANK
INE027A01015,Rashtriya Chemicals & Fertilizers Ltd.,RCF
INE020B01018,REC Ltd.,RECLTD
INE891D01026,Redington Ltd.,REDINGTON
INE002A01018,Reliance Industries Ltd.,RELIANCE
INE087H01022,Shree Renuka Sugars Ltd.,RENUKA
INE743M01012,RHI MAGNESITA INDIA LTD.,RHIM
INE320J01015,RITES Ltd.,RITES
INE399G01023,Ramkrishna Forgings Ltd.,RKFORGE
INE450U01017,Route Mobile Ltd.,ROUTE
INE777K01022,R R Kabel Ltd.,RRKABEL
INE834M01019,RattanIndia Enterprises Ltd.,RTNINDIA
INE415G01027,Rail Vikas Nigam Ltd.,RVNL
INE429E01023,Safari Industries (India) Ltd.,SAFARI
INE114A01011,Steel Authority of India Ltd.,SAIL
INE058A01010,Sanofi India Ltd.,SANOFI
INE806T01012,Sapphire Foods India Ltd.,SAPPHIRE
INE979A01025,Saregama India Ltd,SAREGAMA
INE423Y01016,SBFC Finance Ltd.,SBFC
INE018E01016,SBI Cards and Payment Services Ltd.,SBICARD
INE123W01016,SBI Life Insurance Company Ltd.,SBILIFE
INE062A01020,State Bank of India,SBIN
INE513A01022,Schaeffler India Ltd.,SCHAEFFLER
INE839M01018,Schneider Electric Infrastructure Ltd.,SCHNEIDER
INE070A01015,Shree Cement Ltd.,SHREECEM
INE721A01013,Shriram Finance Ltd.,SHRIRAMFIN
INE810G01011,Shyam Metalics and Energy Ltd.,SHYAMMETL
INE003A01024,Siemens Ltd.,SIEMENS
INE903U01023,Signatureglobal (India) Ltd.,SIGNATURE
INE002L01015,SJVN Ltd.,SJVN
INE640A01023,SKF India Ltd.,SKFINDIA
INE671H01015,Sobha Ltd.,SOBHA
INE343H01029,Solar Industries India Ltd.,SOLARINDS
INE073K01018,Sona BLW Precision Forgings Ltd.,SONACOMS
INE269A01021,Sonata Software Ltd.,SONATSOFTW
INE232I01014,Sun Pharma Advanced Research Company Ltd.,SPARC
INE647A01010,SRF Ltd.,SRF
INE575P01011,Star Health and Allied Insurance Company Ltd.,STARHEALTH
INE089C01029,Sterlite Technologies Ltd.,STLTECH
INE258G01013,Sumitomo Chemical India Ltd.,SUMICHEM
INE660A01013,Sundaram Finance Ltd.,SUNDARMFIN
INE387A01021,Sundram Fasteners Ltd.,SUNDRMFAST
INE044A01036,Sun Pharmaceutical Industries Ltd.,SUNPHARMA
INE805D01034,Sunteck Realty Ltd.,SUNTECK
INE424H01027,Sun TV Network Ltd.,SUNTV
INE195A01028,Supreme Industries Ltd.,SUPREMEIND
INE03QK01018,Suven Pharmaceuticals Ltd.,SUVENPHAR
INE040H01021,Suzlon Energy Ltd.,SUZLON
INE665A01038,Swan Energy Ltd.,SWANENERGY
INE00M201021,Sterling and Wilson Renewable Energy Ltd.,SWSOLAR
ISIN Code,Company Name,Symbol
INE398R01022,Syngene International Ltd.,SYNGENE
INE0DYJ01015,Syrma SGS Technology Ltd.,SYRMA
INE483C01032,Tanla Platforms Ltd.,TANLA
INE092A01019,Tata Chemicals Ltd.,TATACHEM
INE151A01013,Tata Communications Ltd.,TATACOMM
INE192A01025,Tata Consumer Products Ltd.,TATACONSUM
INE670A01012,Tata Elxsi Ltd.,TATAELXSI
INE672A01018,Tata Investment Corporation Ltd.,TATAINVEST
INE155A01022,Tata Motors Ltd.,TATAMOTORS
IN9155A01020,Tata Motors Ltd DVR,TATAMTRDVR
INE245A01021,Tata Power Co. Ltd.,TATAPOWER
INE081A01020,Tata Steel Ltd.,TATASTEEL
INE142M01025,Tata Technologies Ltd.,TATATECH
INE467B01029,Tata Consultancy Services Ltd.,TCS
INE669C01036,Tech Mahindra Ltd.,TECHM
INE010J01012,Tejas Networks Ltd.,TEJASNET
INE152A01029,Thermax Ltd.,THERMAX
INE974X01010,Tube Investments of India Ltd.,TIINDIA
INE325A01013,Timken India Ltd.,TIMKEN
INE615H01020,Titagarh Rail Systems Ltd.,TITAGARH
INE280A01028,Titan Company Ltd.,TITAN
INE668A01016,Tamilnad Mercantile Bank Ltd.,TMB
INE685A01028,Torrent Pharmaceuticals Ltd.,TORNTPHARM
INE813H01021,Torrent Power Ltd.,TORNTPOWER
INE849A01020,Trent Ltd.,TRENT
INE064C01022,Trident Ltd.,TRIDENT
INE152M01016,Triveni Turbine Ltd.,TRITURBINE
INE256C01024,Triveni Engineering & Industries Ltd.,TRIVENI
INE517B01013,Tata Teleservices (Maharashtra) Ltd.,TTML
INE886H01027,TV18 Broadcast Ltd.,TV18BRDCST
INE494B01023,TVS Motor Company Ltd.,TVSMOTOR
INE395N01027,TVS Supply Chain Solutions Ltd.,TVSSCS
INE686F01025,United Breweries Ltd.,UBL
INE691A01018,UCO Bank,UCOBANK
INE551W01018,Ujjivan Small Finance Bank Ltd.,UJJIVANSFB
INE481G01011,UltraTech Cement Ltd.,ULTRACEMCO
INE692A01016,Union Bank of India,UNIONBANK
INE405E01023,UNO Minda Ltd.,UNOMINDA
INE628A01036,UPL Ltd.,UPL
INE228A01035,Usha Martin Ltd.,USHAMART
INE094J01016,UTI Asset Management Company Ltd.,UTIAMC
INE884A01027,Vaibhav Global Ltd.,VAIBHAVGBL
INE665L01035,Varroc Engineering Ltd.,VARROC
INE200M01021,Varun Beverages Ltd.,VBL
INE205A01025,Vedanta Ltd.,VEDL
INE951I01027,V-Guard Industries Ltd.,VGUARD
INE043W01024,Vijaya Diagnostic Centre Ltd.,VIJAYA
INE054A01027,V.I.P. Industries Ltd.,VIPIND
INE226A01021,Voltas Ltd.,VOLTAS
INE825A01020,Vardhman Textiles Ltd.,VTL
INE191B01025,Welspun Corp Ltd.,WELCORP
INE192B01031,Welspun Living Ltd.,WELSPUNLIV
INE274F01020,Westlife Foodworld Ltd.,WESTLIFE
INE716A01013,Whirlpool of India Ltd.,WHIRLPOOL
INE075A01022,Wipro Ltd.,WIPRO
INE528G01035,Yes Bank Ltd.,YESBANK
INE256A01028,Zee Entertainment Enterprises Ltd.,ZEEL
INE520A01027,Zensar Technolgies Ltd.,ZENSARTECH
INE342J01019,ZF Commercial Vehicle Control Systems India Ltd.,ZFCVINDIA
INE758T01015,Zomato Ltd.,ZOMATO
INE010B01027,Zydus Lifesciences Ltd.,ZYDUSLIFE
